frequency_hz,reference_s11_db,rebuilt_s11_db,delta_s11_db,delta_s11_complex,delta_s11_phase_deg,reference_s21_db,rebuilt_s21_db,delta_s21_db,delta_s21_complex,delta_s21_phase_deg,reference_s12_db,rebuilt_s12_db,delta_s12_db,delta_s12_complex,delta_s12_phase_deg,reference_s22_db,rebuilt_s22_db,delta_s22_db,delta_s22_complex,delta_s22_phase_deg
1000000000.0,-29.46006946905292,-29.460069469132964,-8.004263918337529e-11,3.2268904752229247e-13,1.5199930203380063e-10,-0.18886024467706775,-0.18886024467701457,5.3179682879545e-14,3.4814344149408e-14,1.9895196601282805e-12,-0.18886024467706775,-0.18886024467701457,5.3179682879545e-14,3.4814344149408e-14,1.9895196601282805e-12,-29.524168265292076,-29.524168265354795,-6.271960728554404e-11,3.166817354191526e-13,-3.5200287129555363e-10
1050000000.0,-29.337252992085343,-29.337252992127407,-4.206412995699793e-11,3.3026251208744567e-13,4.799858288606629e-10,-0.19819799736506963,-0.19819799737808863,-1.3019002542691283e-11,1.6022001907388135e-12,3.802824721788056e-11,-0.19819799736509727,-0.19819799737808863,-1.2991357989378116e-11,1.5924129513958763e-12,3.700506567838602e-11,-29.399042453901124,-29.399042453952692,-5.156763904778927e-11,3.1102031243504325e-13,-4.0100189835357014e-10
1100000000.0,-29.258791844110217,-29.258791844117177,-6.959766096770181e-12,4.2287235987367575e-13,7.02016222930979e-10,-0.20752359420171645,-0.20752359422265748,-2.0941026690479703e-11,2.5942609520005e-12,6.400568963726982e-11,-0.207523594201752,-0.20752359422264957,-2.0897561459065628e-11,2.5971770721580215e-12,6.502887117676437e-11,-29.317650254458407,-29.31765025449827,-3.986144747614162e-11,2.988859642237958e-13,-4.2601300265232567e-10
1150000000.0,-29.22528602197071,-29.22528602194662,2.4090951455946197e-11,5.123137883200514e-13,8.340066415257752e-10,-0.21681914468940483,-0.21681914471411645,-2.471162163786289e-11,3.106201464081746e-12,8.199663170671556e-11,-0.21681914468944835,-0.21681914471409966,-2.465130877205013e-11,3.100152996742662e-12,8.199663170671556e-11,-29.28051252523236,-29.280512525259894,-2.7533531010703882e-11,2.826252121165403e-13,-4.3499426283233333e-10
1200000000.0,-29.23775269210413,-29.23775269205389,5.0242476845596684e-11,5.72801457019749e-13,8.909921689337352e-10,-0.22607081389945588,-0.22607081392471146,-2.5255575408777986e-11,3.219682461057031e-12,8.998313205665909e-11,-0.22607081389950043,-0.22607081392469366,-2.5193236385945283e-11,3.2218462715944634e-12,9.100631359615363e-11,-29.28855069688558,-29.28855069690031,-1.4729550912306877e-11,2.6583801946965983e-13,-4.3300474317220505e-10
1250000000.0,-29.297662912642785,-29.297662912571827,7.09583503066824e-11,6.006879746747318e-13,8.880078894435428e-10,-0.23526850677773048,-0.23526850680121947,-2.3488988531994437e-11,3.0522804520703974e-12,9.100631359615363e-11,-0.23526850677777605,-0.23526850680119277,-2.341671301309134e-11,3.045210900817909e-12,9.097789188672323e-11,-29.343115232260025,-29.343115232261532,-1.5063505998114124e-12,2.5426043085276783e-13,-4.270077624823898e-10
1300000000.0,-29.406997084982272,-29.406997084896354,8.591882760811131e-11,5.992816516653595e-13,8.41026803755085e-10,-0.2444055295643091,-0.24440552958449124,-2.0182133741997177e-11,2.671258994652556e-12,8.401457307627425e-11,-0.2444055295643458,-0.24440552958446343,-2.0117629784266455e-11,2.665311508799694e-12,8.401457307627425e-11,-29.446029557399477,-29.44602955738762,1.1855405546157272e-11,2.5073419457865623e-13,-4.189928404230159e-10
1350000000.0,-29.56832318471249,-29.568323184617384,9.510614518148941e-11,5.711865260277872e-13,7.59001750338939e-10,-0.25347824072378355,-0.25347824073982755,-1.604399946231183e-11,2.169929345215349e-12,7.199218998721335e-11,-0.25347824072381037,-0.25347824073980074,-1.5990375690222436e-11,2.1649594138820097e-12,7.199218998721335e-11,-29.59965187824047,-29.59965187821545,2.5018209726113128e-11,2.5812450138193526e-13,-4.150138011027593e-10
1400000000.0,-29.784903686060247,-29.78490368596164,9.86055681551079e-11,5.226458736364969e-13,6.559730536537245e-10,-0.2624857016282799,-0.26248570163990076,-1.1620870932205207e-11,1.5976760053014603e-12,5.4996007747831754e-11,-0.26248570162829876,-0.2624857016398739,-1.1575129743590651e-11,1.593596448176503e-12,5.4996007747831754e-11,-29.80695818741396,-29.80695818737633,3.7630343285854906e-11,2.748384991654433e-13,-4.189928404230159e-10
1450000000.0,-30.06083962946777,-30.060839629371014,9.675815704213164e-11,4.59270771704982e-13,5.429967586678686e-10,-0.27142933496843946,-0.27142933497577915,-7.33968441579691e-12,1.0307102974687192e-12,3.700506567838602e-11,-0.2714293349684494,-0.2714293349757612,-7.311817817878818e-12,1.0283383351467613e-12,3.700506567838602e-11,-30.07165064949357,-30.0716506494443,4.926903329760535e-11,2.963536225686666e-13,-4.3300474317220505e-10
1500000000.0,-30.401263704982554,-30.401263704892546,9.000800105241069e-11,3.8646334942425596e-13,4.303899459046079e-10,-0.28031259658569196,-0.2803125965892177,-3.5257352593021096e-12,4.870864429253851e-13,1.7024603948812e-11,-0.28031259658570096,-0.28031259658919083,-3.489875055606717e-12,4.837978782254378e-13,1.7024603948812e-11,-30.39829611153469,-30.398296111475283,5.940847813690198e-11,3.1777188030753113e-13,-4.579874257615302e-10
1550000000.0,-30.812598689776895,-30.812598689697907,7.898748322077154e-11,3.087505820027485e-13,3.2531488614040427e-10,-0.2891406642204243,-0.28914066422076623,-3.419486915845482e-13,4.154504633962557e-14,-9.947598300641403e-13,-0.2891406642204243,-0.2891406642207573,-3.330113962363157e-13,4.0631188442206974e-14,-9.947598300641403e-13,-30.792498858783965,-30.792498858716407,6.755840331607033e-11,3.3640656544297383e-13,-4.973230716132093e-10
1600000000.0,-31.302902851094892,-31.302902851030527,6.436451371882868e-11,2.3078552735334864e-13,2.360991402383661e-10,-0.2979201446508518,-0.2979201446487661,2.0857204852120503e-12,3.8193986925086847e-13,-1.7990942069445737e-11,-0.2979201446508518,-0.2979201446487661,2.0857204852120503e-12,3.8193986925086847e-13,-1.7990942069445737e-11,-31.26110772279302,-31.261107722719977,7.30437932361383e-11,3.490365618420591e-13,-5.500169208971784e-10
1650000000.0,-31.882328327646576,-31.882328327599634,4.694200583799102e-11,1.5698996735467952e-13,1.7007550923153758e-10,-0.30665879894690384,-0.30665879894316167,3.742173237952784e-12,6.807149531353628e-13,-3.200284481863491e-11,-0.30665879894690384,-0.30665879894316167,3.742173237952784e-12,6.807149531353628e-13,-3.200284481863491e-11,-31.812444708935317,-31.812444708860088,7.522871214860061e-11,3.5463554523756275e-13,-6.168079380586278e-10
1700000000.0,-32.5637156282233,-32.56371562819559,2.7711166694643907e-11,9.304169858961078e-14,1.3369572116062045e-10,-0.31536528415769316,-0.31536528415299114,4.702016553892463e-12,8.923536265440661e-13,-4.3002046368201263e-11,-0.31536528415769316,-0.31536528415299114,4.702016553892463e-12,8.788673355849497e-13,-4.200728653813712e-11,-32.45650643206716,-32.456506431993866,7.329248319365433e-11,3.5256865142925996e-13,-6.961897724977462e-10
1750000000.0,-33.36331579116355,-33.363315791155784,7.766232101857895e-12,5.369125987891361e-14,1.3380940799834207e-10,-0.32404890874996756,-0.32404890874492764,5.039912931437129e-12,9.819313313509195e-13,-4.800426722795237e-11,-0.32404890874996756,-0.3240489087449366,5.030975636088897e-12,9.813733138684138e-13,-4.800426722795237e-11,-33.20499493864641,-33.204994938580185,6.622258297284134e-11,3.4312796223490897e-13,-7.859171091695316e-10
1800000000.0,-34.30150167413889,-34.301501674150295,-1.1404210908949608e-11,6.499570907284622e-14,1.779767444531899e-10,-0.33271939855537813,-0.3327193985504865,4.89164264649844e-12,9.995142693384977e-13,-4.999378688808065e-11,-0.33271939855537813,-0.33271939855050553,4.872602321626118e-12,9.984367709208603e-13,-4.999378688808065e-11,-34.07078765246614,-34.0707876524136,5.253752988210181e-11,3.273232633009198e-13,-8.819824870442972e-10
1850000000.0,-35.40287221776179,-35.40287221778952,-2.773248297671671e-11,9.781606251577734e-14,2.7480950848257635e-10,-0.3413866698786141,-0.3413866698742501,4.364009154045334e-12,9.53769493683108e-13,-4.899902705801651e-11,-0.3413866698786141,-0.3413866698742682,4.345912518743944e-12,9.527295746488011e-13,-4.899902705801651e-11,-35.06581418336989,-35.06581418333928,3.0610181056545116e-11,3.0654682864649797e-13,-9.744951512402622e-10
1900000000.0,-36.693600987774495,-36.69360098781201,-3.751665644813329e-11,1.2752364472169095e-13,4.3371528590796515e-10,-0.3500606067543604,-0.35006060675076217,3.5982328228101323e-12,8.233538655147651e-13,-4.3002046368201263e-11,-0.3500606067543604,-0.3500606067507701,3.5902947281840625e-12,8.228796008099038e-13,-4.3002046368201263e-11,-36.1946639782687,-36.19466397827072,-2.0179413695586845e-12,2.826295955058237e-13,-1.0448104603710817e-09
1950000000.0,-38.188679114889055,-38.18867911492311,-3.40563133249816e-11,1.5001870605279746e-13,6.605773705814499e-10,-0.35875084007859465,-0.35875084007587815,2.716493696652833e-12,6.58782001274999e-13,-3.501554601825774e-11,-0.3587508400786037,-0.3587508400758872,2.716493696652833e-12,6.586739128617049e-13,-3.501554601825774e-11,-37.4373665951588,-37.43736659520633,-4.75282035949931e-11,2.576953627450985e-13,-1.0535927685850766e-09
2000000000.0,-39.84552964826336,-39.84552964826763,-4.270361841918202e-12,1.6519902126664656e-13,9.29389898374211e-10,-0.3674665274179395,-0.3674665274161105,1.828981410767483e-12,4.796353254223727e-13,-2.5977442419389263e-11,-0.3674665274179395,-0.3674665274161287,1.8108292643148616e-12,4.78811440576454e-13,-2.5977442419389263e-11,-38.70829359484774,-38.70829359495231,-1.0457057442181394e-10,2.336020075760251e-13,-9.245013643521816e-10
2049999999.9999998,-41.42835213603245,-41.4283521359645,6.794920182073838e-11,1.7445152274590655e-13,1.0896030744333984e-09,-0.3762161336355587,-0.37621613363455175,1.006972283335017e-12,2.5883301579563507e-13,-1.4011902749189176e-11,-0.3762161336355668,-0.37621613363456075,1.0060285937640856e-12,2.5888213245433763e-13,-1.4011902749189176e-11,-39.78405790767283,-39.78405790783144,-1.5860734947636956e-10,2.1224662751765622e-13,-5.58998181077186e-10
2100000000.0,-42.31060384478497,-42.310603844620694,1.6427748050773516e-10,1.7946908261982093e-13,7.910045951575739e-10,-0.38500721396585497,-0.38500721396556464,2.9032332093947844e-13,5.94587401187259e-14,-3.0127011996228248e-12,-0.38500721396585497,-0.38500721396556464,2.9032332093947844e-13,5.94587401187259e-14,-3.0127011996228248e-12,-40.282034800707976,-40.28203480088215,-1.7417534081687336e-10,1.9416227504904267e-13,2.3987922759260982e-11
2150000000.0,-41.83965297040312,-41.839652970207844,1.9527846006894833e-10,1.820069788998962e-13,4.200728653813712e-11,-0.39384620271304227,-0.3938462027132965,-2.5424107263916085e-13,1.3656931225241041e-13,8.01492205937393e-12,-0.3938462027130332,-0.3938462027132965,-2.6328939028985587e-13,1.367834078662411e-13,8.01492205937393e-12,-39.91332826025608,-39.913328260387914,-1.31834099192929e-10,1.7943749012564595e-13,5.290132776281098e-10
2200000000.0,-40.30426069280818,-40.304260692662766,1.454125708733045e-10,1.8395917977259448e-13,-5.210267772781663e-10,-0.40273821222700523,-0.40273821222766987,-6.6463501369185e-13,3.24843933852246e-13,1.8985701899509877e-11,-0.40273821222700523,-0.40273821222766987,-6.6463501369185e-13,3.24843933852246e-13,1.8985701899509877e-11,-38.82468333094633,-38.82468333101286,-6.652811634921818e-11,1.6662216131811838e-13,7.090079634508584e-10
2250000000.0,-38.459269635454596,-38.45926963537327,8.132872153510107e-11,1.862923159088782e-13,-7.150049441406736e-10,-0.41168684811309003,-0.4116868481139919,-9.018896740542459e-13,4.76283092859636e-13,2.7995383788947947e-11,-0.41168684811309003,-0.4116868481139839,-8.938960682769448e-13,4.761178593980831e-13,2.7995383788947947e-11,-37.41261914497383,-37.41261914499099,-1.715960706860642e-11,1.5372680402267112e-13,6.440075139835244e-10
2300000000.0,-36.70625695561685,-36.70625695558445,3.240074875066057e-11,1.8933380146513198e-13,-7.109974831109866e-10,-0.4206940476553983,-0.4206940476564014,-1.003086502748829e-12,5.987197567887292e-13,3.5413449950283393e-11,-0.4206940476553892,-0.4206940476563923,-1.003086502748829e-12,5.970434871637897e-13,3.529976311256178e-11,-35.96768957936922,-35.96768957936005,9.173106718662893e-12,1.392759674727951e-13,4.979767709301086e-10
2350000000.0,-35.15285493484781,-35.15285493484795,-1.4210854715202004e-13,1.930381267176337e-13,-6.330083124339581e-10,-0.42975994908897913,-0.42975994908997417,-9.950373858202965e-13,6.864605676389811e-13,4.0813574742060155e-11,-0.42975994908897913,-0.429759949089965,-9.85878045867139e-13,6.862970382578577e-13,4.0813574742060155e-11,-34.61828973941583,-34.61828973939713,1.8701484805205837e-11,1.2126652719700946e-13,3.5299763112561777e-10
2400000000.0,-33.80179587488837,-33.801795874908926,-2.0556001345539698e-11,1.9593599322188608e-13,-5.329923169483664e-10,-0.4388827995728895,-0.43888279957380544,-9.159339953157541e-13,7.401826181226141e-13,4.419575816427823e-11,-0.43888279957289056,-0.4388827995737872,-8.966161146872764e-13,7.382360735994355e-13,4.411049303598702e-11,-33.40297584461119,-33.40297584459299,1.8204104890173767e-11,9.911191795898659e-14,2.37008634940139e-10
2450000000.0,-32.62995885882311,-32.62995885885549,-3.2379432468587765e-11,1.968675690893269e-13,-4.3300474317220505e-10,-0.44805890944907734,-0.4480589094498541,-7.767675391789908e-13,7.624499361240416e-13,4.5702108764089644e-11,-0.44805890944907734,-0.4480589094498358,-7.584488592726757e-13,7.605576818611306e-13,4.558842192636803e-11,-32.324087826458786,-32.32408782644647,1.2313705610722536e-11,7.353901748292329e-14,1.5401724340335932e-10
2500000000.0,-31.612016492197657,-31.612016492235853,-3.8195224760784185e-11,1.958440066691277e-13,-3.4501113077567425e-10,-0.45728265960057407,-0.45728265960117787,-6.037947919423914e-13,7.530540906693133e-13,4.530420483206399e-11,-0.45728265960056497,-0.45728265960115955,-5.945799408380026e-13,7.495919407031624e-13,4.510525286605116e-11,-31.372025146148545,-31.372025146144786,3.75877107217093e-12,4.947658957716896e-14,1.0200551514571998e-10
2550000000.0,-30.726246736545875,-30.726246736585683,-3.980815677095961e-11,1.908404500029238e-13,-2.6901147975877393e-10,-0.4665465674545223,-0.46654656745496187,-4.3959280660033073e-13,7.145443859391756e-13,4.3087311496492475e-11,-0.4665465674545223,-0.4665465674549528,-4.305444889496357e-13,7.145291906086725e-13,4.3087311496492475e-11,-30.53460418197219,-30.534604181977976,-5.787370582766016e-12,4.3647613135616407e-14,7.494804776797537e-11
2600000000.0,-29.955259700776907,-29.955259700815382,-3.8475889141409425e-11,1.824004454725387e-13,-2.0901325115119107e-10,-0.47584141544805847,-0.47584141544833364,-2.7516877665334505e-13,6.550478613251937e-13,3.959144123655278e-11,-0.47584141544804937,-0.4758414154483234,-2.740585536287199e-13,6.550370627038677e-13,3.959144123655278e-11,-29.80032525118211,-29.800325251197222,-1.511324398961733e-11,6.879091235627392e-14,7.000267032708507e-11
2650000000.0,-29.28544651539486,-29.285446515430174,-3.531397396727698e-11,1.707151799350403e-13,-1.6399326341343112e-10,-0.48515644364810867,-0.4851564436482555,-1.4682699500667695e-13,5.747700648365721e-13,3.481659405224491e-11,-0.48515644364810867,-0.4851564436482555,-1.4682699500667695e-13,5.747700648365721e-13,3.481659405224491e-11,-29.15932838023189,-29.15932838025548,-2.3590018827235326e-11,1.0636239474821842e-13,7.997869033715688e-11
2700000000.0,-28.706238601335883,-28.706238601366888,-3.100453227489197e-11,1.5661347125405786e-13,-1.339799382549245e-10,-0.49447960577736566,-0.49447960577741257,-4.6906922790412864e-14,4.815871196791575e-13,2.921751729445532e-11,-0.49447960577736566,-0.49447960577741257,-4.6906922790412864e-14,4.815871196791575e-13,2.921751729445532e-11,-28.60351538852028,-28.60351538855113,-3.085176558670355e-11,1.4726166377990513e-13,1.0101075531565584e-10
2750000000.0,-28.209460411185955,-28.209460411212255,-2.6300739364160108e-11,1.4271597191045792e-13,-1.1900169738510158e-10,-0.503797885249477,-0.5037978852494586,1.84297022087776e-14,3.7882737473608875e-13,2.3021584638627246e-11,-0.503797885249477,-0.5037978852494586,1.84297022087776e-14,3.770939960883293e-13,2.290789780090563e-11,-28.126400918961526,-28.126400918998034,-3.650768576335395e-11,1.8739779132166601e-13,1.3000089893466793e-10
2800000000.0,-27.78882432842607,-27.788824328447788,-2.1717738718507462e-11,1.3079257478944196e-13,-1.1499423635541461e-10,-0.5130976650775383,-0.5130976650774831,5.517808432387028e-14,2.71591187893315e-13,1.6513013179064728e-11,-0.5130976650775465,-0.5130976650774922,5.4289905904170155e-14,2.71591187893315e-13,1.6513013179064728e-11,-27.72290246189394,-27.722902461934535,-4.0593306493974524e-11,2.2488534437408808e-13,1.6299850358336698e-10
2850000000.0,-27.439553591481477,-27.43955359149917,-1.7692514120426495e-11,1.2567157565240363e-13,-1.2300915841478854e-10,-0.5223651428151045,-0.5223651428150318,7.271960811294775e-14,1.6136598031964383e-13,9.805489753489383e-12,-0.5223651428151137,-0.5223651428150399,7.382983113757291e-14,1.6136598031964383e-13,9.805489753489383e-12,-27.389144133437174,-27.389144133480265,-4.3090864210171276e-11,2.582280546182089e-13,1.9798562789219432e-10
2900000000.0,-27.15810743220367,-27.158107432218248,-1.4576784224118455e-11,1.2874752551595673e-13,-1.3798739928461146e-10,-0.531586779147577,-0.5315867791474838,9.325873406851315e-14,5.349745900206941e-14,3.211653165635653e-12,-0.531586779147577,-0.5315867791475022,7.482903185973555e-14,5.313748229612057e-14,3.211653165635653e-12,-27.12229751853929,-27.122297518583387,-4.409628218127182e-11,2.8458319444351664e-13,2.290221345901955e-10
2950000000.0,-26.94198512005194,-26.941985120064555,-1.2615686273420579e-11,1.4153662317247362e-13,-1.6001422409317456e-10,-0.5407497664984657,-0.5407497664983836,8.215650382226158e-14,5.1566991238337624e-14,-3.097966327914037e-12,-0.5407497664984657,-0.540749766498403,6.272760089132134e-14,5.1222717403556795e-14,-3.097966327914037e-12,-26.920464118493655,-26.920464118537414,-4.375877438178577e-11,3.0459944444940975e-13,2.580122782092076e-10
3000000000.0,-26.78959102132496,-26.78959102133694,-1.1979750524915289e-11,1.6140643576338313e-13,-1.8599166651256382e-10,-0.5498425021649727,-0.5498425021649079,6.472600233564663e-14,1.4751622358002768e-13,-8.981260180007666e-12,-0.549842502164983,-0.5498425021649183,6.472600233564663e-14,1.4756736178983812e-13,-9.00968188943807e-12,-26.782598036402888,-26.782598036445236,-4.234834705130197e-11,3.161715562138358e-13,2.800106813083403e-10
3050000000.0,-26.700147919309842,-26.70014791932254,-1.269739868803299e-11,1.8395606369436238e-13,-2.119975306413835e-10,-0.5588550491528521,-0.5588550491527874,6.472600233564663e-14,2.3413288979154645e-13,-1.4296119843493216e-11,-0.5588550491528604,-0.5588550491527956,6.483702463810914e-14,2.3413288979154645e-13,-1.4296119843493216e-11,-26.70846673973157,-26.70846673977175,-4.0181191707233666e-11,3.203325857920616e-13,2.9598368200822733e-10
3100000000.0,-26.673650003306108,-26.673650003320958,-1.4850343177386094e-11,2.0758586859002715e-13,-2.369802132307086e-10,-0.5677795671263662,-0.5677795671262911,7.51620987671231e-14,3.1287646046112137e-13,-1.9127810446661897e-11,-0.5677795671263651,-0.5677795671263003,6.483702463810914e-14,3.1251701548487044e-13,-1.9099388737231493e-11,-26.698649058870675,-26.698649058908202,-3.752731458916969e-11,3.161746373674242e-13,3.036007001355756e-10
3150000000.0,-26.71085014089709,-26.71085014091541,-1.8321344441574183e-11,2.300625226006414e-13,-2.5858071239781566e-10,-0.5766106957893362,-0.576610695789261,7.51620987671231e-14,3.799821730418866e-13,-2.3248958314070478e-11,-0.5766106957893362,-0.5766106957892704,6.583622536027178e-14,3.804419483334078e-13,-2.3277380023500882e-11,-26.75457195794192,-26.754571957976665,-3.47455397786689e-11,3.0493074892378806e-13,3.034017481695628e-10
3200000000.0,-26.813278433410062,-26.813278433433034,-2.297184664712404e-11,2.499735120457664e-13,-2.7480950848257635e-10,-0.5853458736093319,-0.585345873609238,9.392486788328824e-14,4.3640511372848873e-13,-2.674482857401017e-11,-0.5853458736093319,-0.5853458736092565,7.538414337204813e-14,4.362003305065757e-13,-2.6716406864579767e-11,-26.8785908468481,-26.878590846880254,-3.2155611506823334e-11,2.8751162687410595e-13,2.9541524781961925e-10
3250000000.0,-26.983290634588457,-26.98329063461708,-2.8624214110095636e-11,2.6607483896348547e-13,-2.8350655156828e-10,-0.593985576105897,-0.5939855761057937,1.0325074129013956e-13,4.817653399651012e-13,-2.955857780762017e-11,-0.593985576105897,-0.593985576105803,9.392486788328824e-14,4.817518684906539e-13,-2.955857780762017e-11,-27.07412254911389,-27.074122549143933,-3.0041746867937036e-11,2.6554083732212277e-13,2.8057911549694836e-10
3300000000.0,-27.224145492175435,-27.224145492210514,-3.5079494864476146e-11,2.7797220541020083e-13,-2.8342128643998876e-10,-0.602533459938395,-0.6025334599382627,1.3233858453531866e-13,5.131031474004627e-13,-3.149125404888764e-11,-0.602533459938395,-0.6025334599382823,1.1268763699945339e-13,5.130537430261558e-13,-3.149125404888764e-11,-27.345846122981946,-27.345846123010702,-2.8755664516211255e-11,2.413490955408519e-13,2.603997018013615e-10
3350000000.0,-27.540108502000614,-27.54010850204262,-4.200728653813712e-11,2.849843697568448e-13,-2.730189407884609e-10,-0.6109964017144089,-0.6109964017142704,1.3855583347321954e-13,5.354924715161192e-13,-3.291233952040784e-11,-0.6109964017144089,-0.6109964017142808,1.2811973704174306e-13,5.354902272589773e-13,-3.291233952040784e-11,-27.699995614657777,-27.699995614686234,-2.8457236567192012e-11,2.1699688578041998e-13,2.361844053666573e-10
3400000000.0,-27.93657355450204,-27.93657355455125,-4.920863716506574e-11,2.8741711509502386e-13,-2.5150370674964506e-10,-0.6193844237371046,-0.6193844237369575,1.4710455076283324e-13,5.447545610442279e-13,-3.3509195418446325e-11,-0.6193844237371046,-0.6193844237369658,1.3877787807814457e-13,5.447095322196465e-13,-3.3509195418446325e-11,-28.144782171801776,-28.144782171831146,-2.937028398264374e-11,1.954964132344729e-13,2.1049118004157208e-10
3450000000.0,-28.42017780886515,-28.42017780892146,-5.630695909530914e-11,2.8505683679594237e-13,-2.177955593651859e-10,-0.627710502732594,-0.6277105027324361,1.5787371410169726e-13,5.393239627520131e-13,-3.319655661471188e-11,-0.627710502732594,-0.6277105027324457,1.4832579608992091e-13,5.408699501262695e-13,-3.3310243452433497e-11,-28.691003212521885,-28.691003212553543,-3.1658231591791264e-11,1.7928249526032188e-13,1.8559376258053817e-10
3500000000.0,-28.998845353183633,-28.99884535324666,-6.302869337559969e-11,2.7846132190924637e-13,-1.7109869077103212e-10,-0.6359902618353728,-0.6359902618352119,1.6087131626818518e-13,5.274942056130296e-13,-3.2514435588382185e-11,-0.6359902618353728,-0.6359902618352213,1.5143442055887135e-13,5.273986376516575e-13,-3.2514435588382185e-11,-29.352926477008133,-29.3529264770436,-3.54667406554654e-11,1.699786114011965e-13,1.6427748050773516e-10
3550000000.0,-29.68159956431739,-29.68159956438629,-6.889777637297811e-11,2.677489245372353e-13,-1.1030465429939795e-10,-0.6442415506251555,-0.6442415506250049,1.5065726444163374e-13,5.042347592100911e-13,-3.1093350116861984e-11,-0.6442415506251555,-0.6442415506250132,1.4233059175694507e-13,5.041691938139812e-13,-3.1093350116861984e-11,-30.14957745852837,-30.149577458569144,-4.077449489159335e-11,1.671972959098862e-13,1.5049295143398922e-10
3600000000.0,-30.477755192357282,-30.477755192430763,-7.348077701863076e-11,2.538377394238309e-13,-3.4503955248510465e-11,-0.6524839226429218,-0.652483922642801,1.2079226507921703e-13,4.695738123644663e-13,-2.8990143619012088e-11,-0.6524839226429218,-0.6524839226428104,1.113553693699032e-13,4.695312735582377e-13,-2.8990143619012088e-11,-31.10659435736418,-31.106594357411822,-4.764189043271472e-11,1.6894921014041518e-13,1.4881607057759538e-10
3650000000.0,-31.394556458766868,-31.394556458842814,-7.594636031171831e-11,2.3707807082817545e-13,5.809397407574579e-11,-0.6607380243913616,-0.6607380243912492,1.1246559239452836e-13,4.288702305753803e-13,-2.6489033189136535e-11,-0.6607380243913625,-0.6607380243912585,1.0402789740737717e-13,4.270878336865643e-13,-2.6403768060845323e-11,-32.258750258306975,-32.258750258363015,-5.60405055693991e-11,1.7234163766973476e-13,1.6549961401324254e-10
3700000000.0,-32.43107105698873,-32.431071057063846,-7.511857802455779e-11,2.183113498053182e-13,1.6842705008457415e-10,-0.669024914151536,-0.6690249141514506,8.537615059367454e-14,3.7836523249863954e-13,-2.3419488570652902e-11,-0.669024914151536,-0.6690249141514506,8.537615059367454e-14,3.7836523249863954e-13,-2.3419488570652902e-11,-33.65261444328865,-33.65261444335427,-6.561862164744525e-11,1.7452979040462704e-13,2.1088908397359774e-10
3750000000.0,-33.56357793001873,-33.56357793008762,-6.888711823194171e-11,1.9818482786026568e-13,2.9399416234809905e-10,-0.6773653328256755,-0.6773653328256086,6.683542608243442e-14,3.2606592957197216e-13,-2.0179413695586845e-11,-0.6773653328256755,-0.6773653328256086,6.683542608243442e-14,3.2606592957197216e-13,-2.0179413695586845e-11,-35.34542339867769,-35.34542339875296,-7.527489742642501e-11,1.7358724704979938e-13,3.036007001355756e-10
3800000000.0,-34.714497575865956,-34.71449757592012,-5.416467274699244e-11,1.773053305744723e-13,4.218065896566259e-10,-0.6857789522438097,-0.6857789522437628,4.6851411639181606e-14,2.661513102520049e-13,-1.6484591469634324e-11,-0.6857789522438097,-0.6857789522437628,4.6851411639181606e-14,2.661513102520049e-13,-1.6484591469634324e-11,-37.37934612894198,-37.379346129022785,-8.080291991063859e-11,1.6845112973097916e-13,4.746993909066077e-10
3850000000.0,-35.70407476869315,-35.7040747687216,-2.845013113983441e-11,1.5617325812471794e-13,5.123865776113234e-10,-0.694283628763217,-0.6942836287631795,3.752553823233029e-14,2.031646859535922e-13,-1.261923898709938e-11,-0.694283628763217,-0.6942836287631898,2.7200464103316335e-14,2.031442695553219e-13,-1.261923898709938e-11,-39.63407303189149,-39.63407303195861,-6.711786681989906e-11,1.5862612833864924e-13,7.505036592192482e-10
3900000000.0,-36.239403589355945,-36.23940358935195,3.993250174971763e-12,1.355408090382355e-13,5.030074134992901e-10,-0.7028946913748247,-0.7028946913747964,2.8310687127941492e-14,1.4173618066210867e-13,-8.810729923425242e-12,-0.7028946913748247,-0.7028946913747871,3.7636560534792807e-14,1.417577821078126e-13,-8.810729923425242e-12,-41.30611409675335,-41.306114096758,-4.654054919228656e-12,1.443676176256109e-13,9.608811524230987e-10
3950000000.0,-36.074583757103426,-36.07458375707419,2.923883357652812e-11,1.1565099477654218e-13,3.7499603422475047e-10,-0.7116242937773009,-0.7116242937772821,1.8762769116165146e-14,8.062996149502324e-14,-5.002220859751105e-12,-0.7116242937773009,-0.7116242937772821,1.8762769116165146e-14,8.062996149502324e-14,-5.002220859751105e-12,-40.892959646832246,-40.892959646766755,6.549072395500843e-11,1.2567444646951656e-13,6.709797162329778e-10
4000000000.0,-35.25973551898921,-35.25973551895202,3.7189806789683644e-11,9.708048098806535e-14,2.0901325115119107e-10,-0.7204808588967093,-0.720480858896681,2.8310687127941492e-14,1.9440918371090708e-14,-1.1937117960769683e-12,-0.7204808588967093,-0.7204808588966906,1.8762769116165146e-14,1.9309110308320713e-14,-1.1937117960769683e-12,-38.780311973267125,-38.780311973198586,6.853895229141926e-11,1.0464881696854492e-13,2.590070380392717e-10
4050000000.0,-34.08374439152004,-34.08374439148733,3.271338755439501e-11,7.959994780202013e-14,8.202505341614597e-11,-0.7294686420813988,-0.729468642081379,1.9872992140790302e-14,3.2366107453240764e-14,1.9895196601282805e-12,-0.7294686420813988,-0.7294686420813694,2.942091015256665e-14,3.240672356130376e-14,1.9895196601282805e-12,-36.43943448142118,-36.439434481374775,4.640554607249214e-11,8.188443174031221e-14,5.6985527407960035e-11
4099999999.9999995,-32.81328418201913,-32.81328418199494,2.419398015263141e-11,6.394630073962646e-14,1.3983481039758772e-11,-0.7385874357133776,-0.7385874357133386,3.8968828164342995e-14,9.621466183671383e-14,5.9969806898152456e-12,-0.7385874357133776,-0.7385874357133386,3.8968828164342995e-14,9.621466183671383e-14,5.9969806898152456e-12,-34.39393742417002,-34.393937424143466,2.6552982035354944e-11,5.854333766071577e-14,-1.6001422409317456e-11
4150000000.0000005,-31.593652286882083,-31.593652286865815,1.6267875935227494e-11,4.991323085955231e-14,-1.6967760529951192e-11,-0.7478324333362708,-0.7478324333362405,3.0309088572266774e-14,1.2820596917628732e-13,8.01492205937393e-12,-0.7478324333362708,-0.747832433336232,3.885780586188048e-14,1.282550882226954e-13,8.01492205937393e-12,-32.68437906328933,-32.68437906327675,1.2576606422953773e-11,3.616110476800019e-14,-3.299760464869905e-11
4200000000.0,-30.482571940054903,-30.48257194004477,1.0132339411939029e-11,3.7263928468605785e-14,-2.5011104298755527e-11,-0.757194265759647,-0.7571942657596186,2.842170943040401e-14,1.7583319041024643e-13,1.0999201549566351e-11,-0.7571942657596564,-0.7571942657596091,4.729550084903167e-14,1.7591757087171512e-13,1.0999201549566351e-11,-31.258100951463796,-31.258100951460207,3.588240815588506e-12,1.7501773620471847e-14,-2.7995383788947947e-11
4250000000.0,-29.49519019080566,-29.495190190799804,5.8548721426632255e-12,2.600346069775884e-14,-2.1998403099132702e-11,-0.766659215166961,-0.7666592151669326,2.842170943040401e-14,2.0788860174820375e-13,1.3017142919125035e-11,-0.7666592151669706,-0.7666592151669326,3.7969627442180354e-14,2.078700427937948e-13,1.3017142919125035e-11,-30.060640984879576,-30.06064098488146,-1.8829382497642655e-12,9.849368216477505e-15,-1.2988721209694631e-11
4300000000.0,-28.629469281804177,-28.629469281801132,3.0446756227320293e-12,1.5837889673251323e-14,-1.3983481039758772e-11,-0.7762096062903007,-0.7762096062902817,1.8984813721090177e-14,2.3919517380278917e-13,1.5006662579253316e-11,-0.7762096062903007,-0.7762096062902817,1.8984813721090177e-14,2.3919517380278917e-13,1.5006662579253316e-11,-29.049560617710814,-29.04956061771542,-4.60786964140425e-12,1.8786785824163216e-14,2.9842794901924208e-12
4350000000.0,-27.87760899741121,-27.877608997409897,1.3109513474773848e-12,7.051494525613318e-15,-5.002220859751105e-12,-0.7858243665082818,-0.7858243665082627,1.9095836023552692e-14,2.5475631943063183e-13,1.6001422409317456e-11,-0.7858243665082818,-0.7858243665082627,1.9095836023552692e-14,2.5475631943063183e-13,1.6001422409317456e-11,-28.193545422693596,-28.193545422698953,-5.357492227631155e-12,2.6638718480713002e-14,1.6996182239381596e-11
4400000000.0,-27.23071712601458,-27.2307171260142,3.801403636316536e-13,3.578883782998473e-15,3.979039320256561e-12,-0.7954797395872619,-0.7954797395872704,-8.43769498715119e-15,2.706455272620566e-13,1.6996182239381596e-11,-0.7954797395872619,-0.7954797395872704,-8.43769498715119e-15,2.706455272620566e-13,1.6996182239381596e-11,-27.469639528548836,-27.469639528553415,-4.579447931973846e-12,3.041790460157901e-14,2.802380549837835e-11
4450000000.0,-26.680575949775296,-26.680575949775292,3.552713678800501e-15,1.1326283635858978e-14,1.4011902749189176e-11,-0.8051501310310962,-0.8051501310311249,-2.864375403532904e-14,2.7115967239638126e-13,1.7053025658242404e-11,-0.8051501310310962,-0.8051501310311249,-2.864375403532904e-14,2.7115967239638126e-13,1.7053025658242404e-11,-26.860926352111882,-26.860926352114713,-2.8315128020039992e-12,3.0736543892462425e-14,3.399236447876319e-11
4500000000.0,-26.22021873621197,-26.220218736211915,5.3290705182007514e-14,1.9617888390789065e-14,2.2993162929196842e-11,-0.8148090569297566,-0.8148090569298243,-6.772360450213455e-14,2.864027738470316e-13,1.801936377887614e-11,-0.8148090569297566,-0.8148090569298243,-6.772360450213455e-14,2.864027738470316e-13,1.801936377887614e-11,-26.3548728968239,-26.354872896824318,-4.192202140984591e-13,2.948847369784455e-14,3.501554601825774e-11
4550000000.0,-25.844040329387653,-25.844040329387195,4.583000645652646e-13,2.7755576970881596e-14,3.100808498857077e-11,-0.8244301630701013,-0.8244301630701767,-7.538414337204813e-14,2.855765604548804e-13,1.7990942069445737e-11,-0.8244301630701013,-0.8244301630701873,-8.604228440844963e-14,2.856189797977094e-13,1.7990942069445737e-11,-25.942194947449224,-25.94219494744693,2.2950530365051236e-12,2.9577492699799685e-14,3.001332515850663e-11
4600000000.0,-25.547742951723347,-25.547742951722178,1.1688428003253648e-12,3.66276887670187e-14,3.89945853385143e-11,-0.8339882771181757,-0.8339882771182926,-1.1690648449302898e-13,2.6980897968868983e-13,1.6996182239381596e-11,-0.8339882771181757,-0.8339882771182926,-1.1690648449302898e-13,2.6980897968868983e-13,1.6996182239381596e-11,-25.6160871131722,-25.616087113167158,5.041300710217911e-12,3.5465952888518406e-14,2.000888343900442e-11
4650000000.0,-25.328241311497095,-25.328241311494928,2.1671553440683056e-12,4.678936063920104e-14,4.7407411329913884e-11,-0.8434604540809323,-0.8434604540810481,-1.1579626146840383e-13,2.6946532141461036e-13,1.6996182239381596e-11,-0.8434604540809323,-0.8434604540810576,-1.2534417948018017e-13,2.694992700359742e-13,1.6996182239381596e-11,-25.371703146873408,-25.371703146865784,7.624123554705875e-12,4.763786230360059e-14,5.9969806898152456e-12
4700000000.0,-25.183577485464692,-25.183577485461207,3.4852121189032914e-12,5.728245768043157e-14,5.4996007747831754e-11,-0.8528269741250096,-0.8528269741251437,-1.341149413747189e-13,2.379193435780364e-13,1.5006662579253316e-11,-0.8528269741250096,-0.8528269741251437,-1.341149413747189e-13,2.379193435780364e-13,1.5006662579253316e-11,-25.205810313898496,-25.20581031388869,9.805489753489383e-12,6.300526289442473e-14,-1.1709744285326451e-11
4750000000.0,-25.11286597192932,-25.112865971924144,5.17630383001233e-12,6.857769263209267e-14,6.201616997714154e-11,-0.8620722522420396,-0.8620722522421642,-1.2456702336294256e-13,2.2155298108943407e-13,1.4011902749189176e-11,-0.8620722522420396,-0.8620722522421642,-1.2456702336294256e-13,2.2155298108943407e-13,1.4011902749189176e-11,-25.116569101777824,-25.1165691017663,1.1525003174028825e-11,7.952513709879214e-14,-3.1093350116861984e-11
4800000000.0,-25.116277902654545,-25.116277902647298,7.247535904753022e-12,8.057690432232471e-14,6.8098415795248e-11,-0.8711856212135825,-0.8711856212136976,-1.1513012765362873e-13,2.0601088706497313e-13,1.3017142919125035e-11,-0.8711856212135825,-0.8711856212136976,-1.1513012765362873e-13,2.0601088706497313e-13,1.3017142919125035e-11,-25.103408309997015,-25.10340830998432,1.269384597435419e-11,9.528241172395739e-14,-5.1386450650170445e-11
4850000000.0,-25.195070285037215,-25.195070285027484,9.730882766234572e-12,9.321669110594165e-14,7.290168468898628e-11,-0.880161952809807,-0.8801619528099031,-9.603429163007604e-14,1.7364995453407503e-13,1.0999201549566351e-11,-0.8801619528098176,-0.8801619528099031,-8.548717289613705e-14,1.7360143183104473e-13,1.0999201549566351e-11,-25.166978529870686,-25.166978529857367,1.3319123581823078e-11,1.0881802592466564e-13,-7.111111699487083e-11
4900000000.0,-25.35166702068095,-25.35166702066828,1.2668976978602586e-11,1.0623988839667576e-13,7.560174708487466e-11,-0.8890020870687171,-0.8890020870687758,-5.873079800267078e-14,1.5764955849519758e-13,1.000444171950221e-11,-0.8890020870687171,-0.8890020870687758,-5.873079800267078e-14,1.5764955849519758e-13,1.000444171950221e-11,-25.309176534904307,-25.30917653489083,1.34754429836903e-11,1.1900953600471622e-13,-8.878942026058212e-11
4950000000.0,-25.589801598165632,-25.589801598149563,1.6068923969214666e-11,1.1928920788416867e-13,7.540279511886183e-11,-0.8977130457217737,-0.8977130457217832,-9.547918011776346e-15,1.2612959358812004e-13,8.01492205937393e-12,-0.8977130457217737,-0.897713045721793,-1.9317880628477724e-14,1.2612525698882012e-13,8.01492205937393e-12,-25.533240703558256,-25.533240703544987,1.3269385590319871e-11,1.2526088249512807e-13,-1.0368239600211382e-10
5000000000.0,-25.914736103048156,-25.914736103028254,1.9902302028640406e-11,1.3220504404896977e-13,7.179323802120052e-11,-0.9063080131894516,-0.906308013189412,3.963496197911809e-14,9.500402293080988e-14,6.0254023992456496e-12,-0.9063080131894516,-0.906308013189412,3.963496197911809e-14,9.500402293080988e-14,6.0254023992456496e-12,-25.843924143037015,-25.84392414302409,1.2924772363476222e-11,1.274121100622278e-13,-1.149089712271234e-10
5050000000.0,-26.33357690671462,-26.333576906690507,2.4112267738019e-11,1.4413897782353298e-13,6.338041202980094e-11,-0.9148060768606304,-0.9148060768605437,8.670841822322473e-14,6.296383986933677e-14,3.979039320256561e-12,-0.9148060768606304,-0.9148060768605524,7.80486786311485e-14,6.282332143745565e-14,3.979039320256561e-12,-26.247757582545713,-26.24775758253309,1.262279170077818e-11,1.2550856772012363e-13,-1.219007117470028e-10
5100000000.0,-26.85571214239478,-26.85571214236606,2.872013737942325e-11,1.5519696879560656e-13,4.928324415232055e-11,-0.9232317273485144,-0.9232317273483974,1.170175067954915e-13,2.0140375931321964e-14,1.0231815394945443e-12,-0.9232317273485144,-0.9232317273483879,1.2656542480726785e-13,3.421450869869461e-14,1.9895196601282805e-12,-26.753416169479088,-26.753416169466444,1.2644107982850983e-11,1.205230664791432e-13,-1.2499867807491682e-10
5150000000.0,-27.493392963571193,-27.49339296353758,3.361222411513154e-11,1.6459801961740216e-13,2.7995383788947947e-11,-0.931614128799326,-0.9316141287991714,1.546540673302843e-13,1.6034172862738674e-14,0.0,-0.931614128799326,-0.931614128799181,1.4499512701604544e-13,1.501102001881936e-14,0.0,-27.372195077480058,-27.372195077466706,1.3351098004932282e-11,1.1402913427862243e-13,-1.2468603927118238e-10
5200000000.0,-28.262446690104426,-28.262446690065705,3.872102638524666e-11,1.722051084178193e-13,-2.5011104298755527e-12,-0.9399861787978658,-0.9399861787977198,1.4599432773820809e-13,3.496550431028901e-14,-2.0179413695586845e-12,-0.9399861787978658,-0.9399861787977102,1.5565326805244695e-13,3.540097184343981e-14,-2.0179413695586845e-12,-28.118553418784792,-28.118553418769796,1.4996004438216914e-11,1.0803192086346432e-13,-1.226965196110541e-10
5250000000.0,-29.182970567949518,-29.18297056790564,4.3876013933186186e-11,1.7760694283731875e-13,-4.501998773775995e-11,-0.9483833866125191,-0.9483833866123642,1.5487611193520934e-13,4.9939091678105995e-14,-3.0411229090532288e-12,-0.9483833866125191,-0.9483833866123642,1.5487611193520934e-13,4.9939091678105995e-14,-3.0411229090532288e-12,-29.010527913462816,-29.01052791344485,1.7966073073694133e-11,1.0502167772376413e-13,-1.2158807294326834e-10
5300000000.0,-30.279363725777454,-30.279363725728725,4.872902081842767e-11,1.8050279649115327e-13,-1.0359713087382261e-10,-0.9568426070685897,-0.9568426070684422,1.475486399726833e-13,6.47010746472676e-14,-4.035882739117369e-12,-0.9568426070685799,-0.956842607068453,1.268984917146554e-13,6.41060550430957e-14,-4.035882739117369e-12,-30.06930936349891,-30.06930936347632,2.2588153569813585e-11,1.0692297908243291e-13,-1.261923898709938e-10
5350000000.0,-31.577383981065672,-31.577383981013107,5.256595159153221e-11,1.8089074112145942e-13,-1.8499690668249968e-10,-0.9654006748389664,-0.9654006748388694,9.703349235223868e-14,7.849946108552948e-14,-5.002220859751105e-12,-0.9654006748389664,-0.9654006748388694,9.703349235223868e-14,7.849946108552948e-14,-5.002220859751105e-12,-31.315666150205615,-31.315666150176536,2.90789614609821e-11,1.138642207151297e-13,-1.4429701877816115e-10
5400000000.0,-33.09030784703626,-33.09030784698282,5.3439919156517135e-11,1.786355754185896e-13,-2.985984792758245e-10,-0.9740929899996549,-0.974092989999588,6.683542608243442e-14,9.371617805316162e-14,-5.9969806898152456e-12,-0.9740929899996549,-0.974092989999588,6.683542608243442e-14,9.371617805316162e-14,-5.9969806898152456e-12,-32.75589033478689,-32.755890334749964,3.6926905977452407e-11,1.2420608269578937e-13,-1.9019807950826362e-10
5450000000.0,-34.76893580086858,-34.768935800822064,4.651923291021376e-11,1.7394212414318778e-13,-4.5127990233595483e-10,-0.982952109945088,-0.9829521099450987,-1.0769163338864018e-14,9.656470809104954e-14,-6.195932655828074e-12,-0.982952109945088,-0.9829521099451084,-2.042810365310288e-14,9.658031435890841e-14,-6.195932655828074e-12,-34.33590711797144,-34.33590711792782,4.362021854831255e-11,1.3558657126272968e-13,-2.8458657652663533e-10
5500000000.0,-36.357686271652916,-36.35768627163065,2.226840933872154e-11,1.6692135224072843e-13,-6.11407813266851e-10,-0.9920064048772295,-0.9920064048772976,-6.816769371198461e-14,9.217396433428652e-14,-5.9117155615240335e-12,-0.9920064048772295,-0.9920064048772976,-6.816769371198461e-14,9.217396433428652e-14,-5.9117155615240335e-12,-35.82081342962186,-35.82081342958079,4.106937012693379e-11,1.454778682277448e-13,-4.38205915997969e-10
5550000000.0,-37.20266806311139,-37.20266806313329,-2.1898927116126288e-11,1.5788021842201885e-13,-6.393747753463686e-10,-1.001278833826733,-1.00127883382686,-1.2678746941219288e-13,8.354390568885283e-14,-5.286437954055145e-12,-1.001278833826733,-1.00127883382686,-1.2678746941219288e-13,8.354390568885283e-14,-5.286437954055145e-12,-36.64871230401934,-36.64871230400156,1.7777779248717707e-11,1.521803474590646e-13,-5.811102710140403e-10
5600000000.0,-36.681272667355394,-36.68127266741135,-5.595524044110789e-11,1.472737205272657e-13,-4.420144250616431e-10,-1.0107858954011735,-1.0107858954013695,-1.9606538614880265e-13,6.9761970476967e-14,-4.320099833421409e-12,-1.0107858954011832,-1.0107858954013489,-1.6564527527407336e-13,6.892858452882055e-14,-4.320099833421409e-12,-36.2659284425566,-36.26592844257383,-1.723066134218243e-11,1.5461897699485052e-13,-5.650235834764317e-10
5650000000.0,-35.146596377157984,-35.14659637721729,-5.930900215389556e-11,1.3565386830059788e-13,-2.1100277081131935e-10,-1.0205368021655983,-1.0205368021658348,-2.3647750424515834e-13,5.245612876513136e-14,-3.0127011996228248e-12,-1.020536802165608,-1.0205368021658348,-2.2670754162845697e-13,5.205090351437619e-14,-3.0127011996228248e-12,-34.90463392814721,-34.90463392818451,-3.729638820004766e-11,1.5165746683957688e-13,-4.1600856093282346e-10
5700000000.0,-33.348983967024694,-33.348983967073316,-4.8622439408063656e-11,1.2347859497321798e-13,-7.298694981727749e-11,-1.0305329198732112,-1.0305329198734652,-2.540190280342358e-13,3.376104977513467e-14,-1.3926637620897964e-12,-1.0305329198732014,-1.0305329198734552,-2.537969834293108e-13,3.3794621717392116e-14,-1.3926637620897964e-12,-33.22013180538689,-33.22013180542705,-4.015987542516086e-11,1.4327010161712614e-13,-2.6699353838921525e-10
5750000000.0,-31.665378083133113,-31.665378083170044,-3.693045869113121e-11,1.1104621750867225e-13,-6.991740519879386e-12,-1.0407675029445398,-1.0407675029448344,-2.9465319073551655e-13,3.14018491736755e-14,5.968558980384842e-13,-1.0407675029445398,-1.0407675029448136,-2.737809978725636e-13,2.948436533218014e-14,5.968558980384842e-13,-31.59672273666161,-31.5967227366965,-3.488764832582092e-11,1.2925626509146854e-13,-1.6200374375330284e-10
5800000000.0,-30.191778845788086,-30.19177884581566,-2.7572610861170688e-11,9.891117531889399e-14,2.1998403099132702e-11,-1.051225746042195,-1.0512257460424594,-2.644551244657123e-13,4.708405977450322e-14,2.5011104298755527e-12,-1.051225746042195,-1.05122574604244,-2.4491519923230953e-13,4.596806002266827e-14,2.5011104298755527e-12,-30.15404104194606,-30.154041041973546,-2.7487345732879476e-11,1.1148982984272896e-13,-9.703171599539928e-11
5850000000.0,-28.927227499548707,-28.92722749956922,-2.0513368781394092e-11,8.726967174539567e-14,3.498712430882733e-11,-1.061885158816063,-1.0618851588162983,-2.353672812205332e-13,7.507028940392494e-14,4.604316927725449e-12,-1.061885158816063,-1.0618851588162799,-2.169375790117556e-13,7.447072833623972e-14,4.604316927725449e-12,-28.905573890670524,-28.905573890690455,-1.993072373807081e-11,8.995844917850972e-14,-5.803713065688498e-11
5900000000.0,-27.84767768064958,-27.847677680664717,-1.5138112985368934e-11,7.579439443171802e-14,3.89945853385143e-11,-1.0727162574970843,-1.0727162574972688,-1.8451906669270102e-13,1.0361373110924563e-13,6.59383658785373e-12,-1.0727162574970843,-1.0727162574972513,-1.6697754290362354e-13,1.0330492505711503e-13,6.59383658785373e-12,-27.834565477450013,-27.83456547746326,-1.3248069308247068e-11,6.721456644319028e-14,-3.700506567838602e-11
5950000000.0,-26.92772772961674,-26.927727729627637,-1.0896172852881136e-11,6.504826490030745e-14,4.098410499864258e-11,-1.0836835536247218,-1.0836835536248692,-1.474376176702208e-13,1.3494946965825566e-13,8.697043085703626e-12,-1.0836835536247218,-1.0836835536248388,-1.170175067954915e-13,1.3317725631358232e-13,8.611777957412414e-12,-26.919244152792817,-26.91924415280041,-7.59214913159667e-12,4.476018479877608e-14,-2.7000623958883807e-11
6000000000.0,-26.145839919641062,-26.14583991964839,-7.329248319365433e-12,5.4547031599243025e-14,4.101252670807298e-11,-1.094746807443612,-1.0947468074436908,-7.882583474838611e-14,1.6162288795522626e-13,1.0487610779819079e-11,-1.094746807443612,-1.094746807443661,-4.907185768843192e-14,1.5998225182488074e-13,1.0402345651527867e-11,-26.13993994638357,-26.13993994638667,-3.097966327914037e-12,2.6467481228476767e-14,-2.2964741219766438e-11
6050000000.0,-25.48489928959905,-25.4848992896032,-4.149569576838985e-12,4.499368916556141e-14,4.001776687800884e-11,-1.1058625019847628,-1.1058625019847825,-1.9761969838327786e-14,1.87504253209929e-13,1.2192913345643319e-11,-1.1058625019847628,-1.1058625019847628,0.0,1.8748347919316547e-13,1.2192913345643319e-11,-25.480543995186167,-25.480543995185872,2.948752353404416e-13,2.235626035586274e-14,-2.3987922759260982e-11
6100000000.0,-24.931626272816256,-24.93162627281741,-1.1546319456101628e-12,3.9324634840393006e-14,3.89945853385143e-11,-1.1169854840715912,-1.1169854840715319,5.928590951498336e-14,2.0575910412064602e-13,1.3415046851150692e-11,-1.1169854840715912,-1.1169854840715219,6.927791673660977e-14,2.042364115521763e-13,1.3301360013429075e-11,-24.9283475151538,-24.92834751515113,2.668087972779176e-12,3.0257680201520466e-14,-2.5011104298755527e-11
6150000000.0,-24.47584064258079,-24.475840642578973,1.815436689867056e-12,3.9547156255231705e-14,3.5981884138891473e-11,-1.1280707108691725,-1.1280707108690726,9.992007221626409e-14,2.240003717841985e-13,1.460875864722766e-11,-1.1280707108691725,-1.1280707108690529,1.1968204205459188e-13,2.2252839186952902e-13,1.4495071809506044e-11,-24.473514646033415,-24.4735146460292,4.213518423057394e-12,3.83083013463878e-14,-2.3987922759260982e-11
6200000000.0,-24.10983191944522,-24.10983191944045,4.771294470629073e-12,4.857093061749896e-14,3.171862772433087e-11,-1.139075035414471,-1.1390750354143322,1.3877787807814457e-13,2.3736522991620423e-13,1.5489831639570184e-11,-1.139075035414471,-1.1390750354143224,1.4854784069484595e-13,2.3695023173236277e-13,1.546140993013978e-11,-24.108560208180677,-24.10856020817559,5.087485988042317e-12,4.34065906600764e-14,-2.1600499167107046e-11
6250000000.0,-23.827876843934686,-23.827876843926994,7.691625114603085e-12,6.304989061445252e-14,2.3987922759260982e-11,-1.1499589619908532,-1.1499589619906958,1.574296248918472e-13,2.4392095075192745e-13,1.5916157281026244e-11,-1.1499589619908532,-1.149958961990695,1.5831780331154732e-13,2.431653617199741e-13,1.5859313862165436e-11,-23.827925652874388,-23.827925652868842,5.545786052607582e-12,4.426930105789099e-14,-1.460875864722766e-11
6300000000.0,-23.625888256864837,-23.625888256854317,1.0519585202928283e-11,8.117137861026705e-14,1.290345608140342e-11,-1.1606883022913865,-1.1606883022912367,1.4988010832439613e-13,2.498292852884681e-13,1.6342482922482304e-11,-1.1606883022913865,-1.1606883022912367,1.4988010832439613e-13,2.490632566266387e-13,1.6285639503621496e-11,-23.627662383165095,-23.627662383159247,5.8477667153056245e-12,4.44646179151397e-14,-3.296918293926865e-12
6350000000.0,-23.501170435976213,-23.501170435963047,1.3166356893634656e-11,1.0133391878827034e-13,-1.9895196601282805e-12,-1.1712356659964183,-1.171235665996298,1.2034817586936697e-13,2.516350549081321e-13,1.6484591469634324e-11,-1.1712356659964183,-1.171235665996298,1.2034817586936697e-13,2.494952397358213e-13,1.6342482922482304e-11,-23.505209860222237,-23.50520986021598,6.256328788367682e-12,5.0424647017363375e-14,1.3017142919125035e-11
6400000000.0,-23.45225954905741,-23.452259549041962,1.5447199075424578e-11,1.2197454808119676e-13,-2.0804691303055733e-11,-1.1815817245374647,-1.1815817245373852,7.949196856316121e-14,2.484513200913311e-13,1.63140612130519e-11,-1.1815817245374647,-1.1815817245373852,7.949196856316121e-14,2.484513200913311e-13,1.63140612130519e-11,-23.459253861360956,-23.45925386135392,7.037925797703792e-12,6.68827831764345e-14,3.319655661471188e-11
6450000000.0,-23.478834108308728,-23.478834108291515,1.7212897773788427e-11,1.4232290995188212e-13,-4.3797854232252575e-11,-1.1917161942298629,-1.1917161942298442,1.865174681370263e-14,2.43419968053252e-13,1.6001422409317456e-11,-1.1917161942298642,-1.1917161942298442,1.9984014443252818e-14,2.449143185007653e-13,1.6086687537608668e-11,-23.48965400641579,-23.489654006407356,8.43414227347239e-12,9.295527191596178e-14,5.690026227966882e-11
6500000000.0,-23.58168629260601,-23.581686292587708,1.830002815950138e-11,1.6131079673216675e-13,-7.008793545537628e-11,-1.2016384943877605,-1.2016384943878107,-5.0182080713057076e-14,2.371447035805736e-13,1.56035184772918e-11,-1.2016384943877505,-1.2016384943878204,-6.994405055138486e-14,2.3716355080987465e-13,1.56035184772918e-11,-23.597434852681346,-23.597434852670695,1.0651035609043902e-11,1.2488415760190157e-13,8.239453563874122e-11
6550000000.0,-23.762750151444763,-23.762750151426264,1.8498980125514208e-11,1.7811431559702818e-13,-9.939071787812281e-11,-1.2113580472062955,-1.2113580472064163,-1.2079226507921703e-13,2.295749884065563e-13,1.5091927707544528e-11,-1.2113580472062966,-1.2113580472064265,-1.2989609388114332e-13,2.295368651230905e-13,1.5091927707544528e-11,-23.784840337856238,-23.784840337842446,1.3791634501103545e-11,1.5940402243727272e-13,1.0800249583553523e-10
6600000000.0,-24.025186949847676,-24.02518694982998,1.7696066834105295e-11,1.9226514742581666e-13,-1.304840679949848e-10,-1.2208941988001474,-1.2208941988003372,-1.8984813721090177e-13,2.1917222578196524e-13,1.4381384971784428e-11,-1.2208941988001574,-1.2208941988003472,-1.8984813721090177e-13,2.175110801178071e-13,1.4296119843493216e-11,-24.055457057882702,-24.05545705786483,1.787014980436652e-11,1.9333260518870378e-13,1.3159251466277055e-10
6650000000.0,-24.373530945872854,-24.373530945857134,1.5720758028692217e-11,2.0281551122439667e-13,-1.6189005691558123e-10,-1.230275754486932,-1.230275754487172,-2.4003021792395884e-13,2.0588028573623663e-13,1.3500311979441904e-11,-1.2302757544869332,-1.230275754487192,-2.589040093425865e-13,2.0919082549210407e-13,1.3699263945454732e-11,-24.414417969913913,-24.414417969891012,2.290079237354803e-11,2.2417039979528968e-13,1.5089085536601488e-10
6700000000.0,-24.813899346740243,-24.813899346727784,1.2459366871553357e-11,2.0952325204061997e-13,-1.9210233404010069e-10,-1.239540135822003,-1.2395401358222822,-2.7911006839076435e-13,1.9274603641277354e-13,1.2590817277668975e-11,-1.239540135821992,-1.2395401358223022,-3.1019631308026874e-13,1.9600908108116967e-13,1.2789769243681803e-11,-24.86870440477723,-24.868704404748566,2.866329396056244e-11,2.4907276620880564e-13,1.6351009435311425e-10
6750000000.0,-25.354263881349898,-25.354263881342014,7.883471653258312e-12,2.121786874414387e-13,-2.191029579989845e-10,-1.2487321816083596,-1.2487321816086803,-3.206324095117452e-13,1.781667649395703e-13,1.1596057447604835e-11,-1.2487321816083694,-1.2487321816086803,-3.1086244689504383e-13,1.7801453386661944e-13,1.1596057447604835e-11,-25.427568959752417,-25.42756895971753,3.488764832582092e-11,2.6587763176126655e-13,1.674038685450796e-10
6800000000.0,-26.00475668824442,-26.004756688242473,1.9468870959826745e-12,2.106392066533616e-13,-2.405897703283699e-10,-1.2579026296441311,-1.2579026296444322,-3.0109248427834245e-13,1.613309921645984e-13,1.0487610779819079e-11,-1.2579026296441311,-1.2579026296444322,-3.0109248427834245e-13,1.613309921645984e-13,1.0487610779819079e-11,-26.10309797438049,-26.103097974339345,4.11439771141886e-11,2.726933509226437e-13,1.6081003195722587e-10
6850000000.0,-26.777908026524187,-26.777908026529516,-5.329070518200751e-12,2.050881176145302e-13,-2.540048171795206e-10,-1.2671063297999914,-1.2671063298003025,-3.1108449149996886e-13,1.4050866980189577e-13,9.094947017729282e-12,-1.2671063297999914,-1.2671063298003025,-3.1108449149996886e-13,1.4050866980189577e-13,9.094947017729282e-12,-26.910896723234643,-26.910896723187797,4.6846082568663405e-11,2.6799882609016285e-13,1.4239276424632408e-10
6900000000.0,-27.688498890518392,-27.68849889053222,-1.382716163789155e-11,1.9565636044521211e-13,-2.559090717113577e-10,-1.276400251557179,-1.2764002515574415,-2.62456723021387e-13,1.1758776626748942e-13,7.617018127348274e-12,-1.276400251557179,-1.2764002515574315,-2.524647157997606e-13,1.1869611146855492e-13,7.702283255639486e-12,-27.87073834743954,-27.870738347388297,5.1244342103018425e-11,2.5119309850696796e-13,1.1220890883123502e-10
6950000000.0,-28.752108634344964,-28.752108634368327,-2.3362645151792094e-11,1.8291936075578346e-13,-2.4218138605647255e-10,-1.2858413597658014,-1.285841359766013,-2.1160850849355484e-13,9.294836294572639e-14,6.0254023992456496e-12,-1.2858413597658014,-1.285841359766013,-2.1160850849355484e-13,9.576386356226555e-14,6.195932655828074e-12,-29.006524452511155,-29.00652445245782,5.333333774615312e-11,2.2219659583469917e-13,7.190692485892214e-11
7000000000.0,-29.97975366402055,-29.97975366405398,-3.3431035717512714e-11,1.6728407925164246e-13,-2.0691004465334117e-10,-1.2954844404914132,-1.2954844404915744,-1.6120438317557273e-13,6.661116677705557e-14,4.320099833421409e-12,-1.2954844404914234,-1.2954844404915846,-1.6120438317557273e-13,6.958958958358539e-14,4.490630090003833e-12,-30.34324766716845,-30.343247667116504,5.1944226697742124e-11,1.8235622919400085e-13,2.688693712116219e-11
7050000000.0,-31.361514228868387,-31.361514228911375,-4.298783551348606e-11,1.4946986824523178e-13,-1.411990524502471e-10,-1.305379963822043,-1.305379963822164,-1.2101430968414206e-13,4.0784163516382946e-14,2.6147972675971687e-12,-1.3053799638220418,-1.305379963822154,-1.1213252548714081e-13,4.198092290157066e-14,2.7000623958883807e-12,-31.893149329874518,-31.893149329829022,4.5496051370719215e-11,1.332681114878514e-13,-9.805489753489383e-12
7100000000.0,-32.82230634688148,-32.82230634693063,-4.914824103252613e-11,1.3018042169075377e-13,-3.780087354243733e-11,-1.3155720719311315,-1.3155720719312225,-9.103828801926284e-14,1.483639369243417e-14,7.958078640513122e-13,-1.3155720719311315,-1.3155720719312225,-9.103828801926284e-14,1.611222520087567e-14,9.094947017729282e-13,-33.60652521736627,-33.60652521733277,3.349498456373112e-11,8.056076867697484e-14,-8.498091119690798e-12
7150000000.0,-34.12958295065005,-34.12958295069631,-4.626343752534012e-11,1.0977058245399984e-13,9.609379958419595e-11,-1.326096778193855,-1.3260967781939257,-7.061018436615996e-14,1.6412254652117554e-14,-9.947598300641403e-13,-1.326096778193855,-1.3260967781938946,-3.952393967665557e-14,1.5344491187168603e-14,-9.947598300641403e-13,-35.23209332233794,-35.23209332231707,2.0868640149274142e-11,4.815611747433647e-14,8.029132914089132e-11
7200000000.0,-34.830251212217576,-34.830251212247646,-3.007016857736744e-11,8.938937269159574e-14,2.0099832909181714e-10,-1.3369804565951813,-1.336980456595232,-5.062616992290714e-14,3.035201323415506e-14,-1.9895196601282805e-12,-1.3369804565951813,-1.336980456595232,-5.062616992290714e-14,3.035201323415506e-14,-1.9895196601282805e-12,-36.13268408562292,-36.13268408559771,2.5210056264768355e-11,8.327394760938937e-14,2.5647750589996576e-10
7250000000.0,-34.5428730085585,-34.542873008567305,-8.803624496067641e-12,6.929370997278738e-14,2.0369839148770552e-10,-1.348238690149473,-1.348238690149555,-8.215650382226158e-14,6.064399551516741e-14,-4.035882739117369e-12,-1.3482386901494845,-1.348238690149555,-7.061018436615996e-14,6.04451186120023e-14,-4.035882739117369e-12,-35.695392405590326,-35.69539240553615,5.417888360170764e-11,1.4184329503091618e-13,3.425952854740899e-10
7300000000.0,-33.443434127033406,-33.4434341270303,3.105071755271638e-12,5.032642691591692e-14,1.339799382549245e-10,-1.3598755329209196,-1.3598755329210301,-1.1057821325266559e-13,7.521750749918642e-14,-5.002220859751105e-12,-1.3598755329209196,-1.359875532921021,-1.0147438445073931e-13,7.51211922342576e-14,-5.002220859751105e-12,-34.24960364582076,-34.24960364574026,8.050449196161935e-11,1.9963854717705387e-13,2.5701751837914344e-10
7350000000.0,-32.02126873268485,-32.02126873268001,4.845901457883883e-12,3.287440888989679e-14,6.801315066695679e-11,-1.371883223104919,-1.3718832231051041,-1.851852005074761e-13,7.687466743738329e-14,-5.002220859751105e-12,-1.371883223104919,-1.3718832231050928,-1.7386092565629951e-13,7.662380975044361e-14,-5.002220859751105e-12,-32.53129149221314,-32.531291492123046,9.00968188943807e-11,2.4926405636155337e-13,1.0999201549566351e-10
7400000000.0,-30.606459663119793,-30.6064596631172,2.5934809855243657e-12,1.777264084938125e-14,3.001332515850663e-11,-1.384242365327054,-1.3842423653272993,-2.453592884421596e-13,7.835532217989667e-14,-5.002220859751105e-12,-1.384242365327054,-1.3842423653272775,-2.2359891715950653e-13,7.768388458966725e-14,-5.002220859751105e-12,-30.920588855007733,-30.92058885492015,8.758149760978995e-11,2.8697001880853095e-13,-2.000888343900442e-11
7450000000.0,-29.327472841544207,-29.32747284154441,-2.0250467969162855e-13,1.016773875110644e-14,1.6996182239381596e-11,-1.3969225798350693,-1.3969225798353753,-3.0597746558669314e-13,6.694608015070855e-14,-4.007461029686965e-12,-1.3969225798350806,-1.3969225798353664,-2.857714065385153e-13,6.597415667034713e-14,-4.007461029686965e-12,-29.518116392001343,-29.51811639192303,7.831246762179944e-11,3.0878325676154086e-13,-1.1499423635541461e-10
7500000000.0,-28.214378972239103,-28.214378972241185,-2.0818902157770935e-12,1.4288303460747402e-14,1.6001422409317456e-11,-1.409883595693373,-1.409883595693753,-3.7991831902672857e-13,7.030648926034395e-14,-4.007461029686965e-12,-1.409883595693373,-1.4098835956937326,-3.594902153736257e-13,6.926032262722301e-14,-4.007461029686965e-12,-28.325557655002655,-28.32555765493708,6.557598908329965e-11,3.1229244607276756e-13,-1.7499246496299747e-10
7550000000.0,-27.262369158138142,-27.262369158140988,-2.8457236567192012e-12,2.0748887105053694e-14,2.000888343900442e-11,-1.4230767455325926,-1.4230767455329798,-3.872457909892546e-13,4.846908734081406e-14,-2.0179413695586845e-12,-1.4230767455325926,-1.4230767455329798,-3.872457909892546e-13,4.0670585050090484e-14,-9.947598300641403e-13,-27.32025860914968,-27.320258609098435,5.1244342103018425e-11,2.962783585873258e-13,-2.0298784875194542e-10
7600000000.0,-26.457168350085688,-26.457168350088264,-2.575717417130363e-12,2.4408988778377868e-14,2.3987922759260982e-11,-1.4364468018831418,-1.4364468018835295,-3.8768988019910466e-13,4.0670585050090484e-14,9.947598300641403e-13,-1.4364468018831418,-1.436446801883509,-3.672617765460018e-13,3.875696191790067e-14,9.947598300641403e-13,-26.4776276729054,-26.47762767286885,3.6550318327499554e-11,2.5988134013029557e-13,-2.0099832909181714e-10
7650000000.0,-25.783781137698362,-25.783781137699965,-1.602273869139026e-12,2.516721902528973e-14,2.5977442419389263e-11,-1.449934080501674,-1.449934080502015,-3.410605131648481e-13,6.805850515449524e-14,4.007461029686965e-12,-1.449934080501674,-1.4499340805019831,-3.090860900556436e-13,6.661312705091369e-14,4.007461029686965e-12,-25.77668182178947,-25.776681821766903,2.2566837287740782e-11,2.0279811769017522e-13,-1.6999024410324637e-10
7700000000.0,-25.229124712935782,-25.229124712936102,-3.197442310920451e-13,2.14141388606033e-14,2.2282620193436742e-11,-1.4634767250419476,-1.463476725042153,-2.0539125955565396e-13,1.0512962415683703e-13,6.991740519879386e-12,-1.463476725041968,-1.463476725042153,-1.8496315590255108e-13,9.035046969058253e-14,5.9969806898152456e-12,-25.20075394664774,-25.200753946637562,1.0178524689763435e-11,1.277091140043078e-13,-1.1499423635541461e-10
7750000000.0,-24.78256592848831,-24.78256592848744,8.704148513061227e-13,1.4126629454020134e-14,1.2789769243681803e-11,-1.4770130803502526,-1.4770130803502732,-2.0650148258027912e-14,1.3264453254791804e-13,8.981260180007666e-12,-1.4770130803502526,-1.4770130803502732,-2.0650148258027912e-14,1.3264453254791804e-13,8.981260180007666e-12,-24.73697561988502,-24.73697561988481,2.0961010704922955e-13,3.8162771536821333e-14,-3.7687186704715714e-11
7800000000.0,-24.435797157419785,-24.43579715741822,1.5631940186722204e-12,1.1020428136723127e-14,-2.1032064978498966e-12,-1.4904840587505739,-1.4904840587503565,2.1738166822160565e-13,1.7781454168947575e-13,1.2022383089060895e-11,-1.4904840587505739,-1.4904840587503565,2.1738166822160565e-13,1.7781454168947575e-13,1.2022383089060895e-11,-24.375577328781475,-24.375577328788147,-6.671996288787341e-12,7.502462565564924e-14,5.590550244960468e-11
7850000000.0,-24.182551400600353,-24.182551400598932,1.4210854715202004e-12,2.528910621242676e-14,-2.148681232938543e-11,-1.503835404871082,-1.5038354048705858,4.96269692007445e-13,2.2555369360298916e-13,1.5006662579253316e-11,-1.503835404871103,-1.503835404870574,5.289102489314246e-13,2.4044394875803394e-13,1.6001422409317456e-11,-24.109280125459236,-24.109280125469148,-9.912071163853398e-12,1.8866126937354976e-13,1.6069634511950426e-10
7900000000.0,-24.018324056393325,-24.018324056393144,1.8118839761882555e-13,4.804068159351901e-14,-4.3712589103961363e-11,-1.5170197695946523,-1.5170197695937704,8.819611707622244e-13,2.771246770671027e-13,1.7962520360015333e-11,-1.5170197695946306,-1.5170197695937613,8.693046282814976e-13,2.767624784008608e-13,1.7962520360015333e-11,-23.932826899354644,-23.93282689936379,-9.14468500923249e-12,3.078780064692707e-13,2.708020474528894e-10
7950000000.0,-23.940150523224574,-23.940150523226915,-2.34123831432953e-12,7.55989024759262e-14,-6.642153493885417e-11,-1.529998512195261,-1.5299985121939785,1.2825296380469808e-12,3.3121224620100047e-13,2.100364326906856e-11,-1.5299985121952404,-1.5299985121940192,1.2212453270876722e-12,3.2901400798406836e-13,2.100364326906856e-11,-23.842639855131146,-23.842639855135307,-4.1602277178753866e-12,4.2688580350186676e-13,3.7971403799019754e-10
8000000000.0,-23.94644762860778,-23.94644762861403,-6.252776074688882e-12,1.0647543948723467e-13,-8.679990060045384e-11,-1.5427431611465512,-1.5427431611448799,1.6713297412707107e-12,3.59680613803677e-13,2.1998403099132702e-11,-1.5427431611465614,-1.5427431611449847,1.5767387395726473e-12,3.42796330804973e-13,2.100364326906856e-11,-23.83657806842823,-23.83657806842326,4.970246436641901e-12,5.404379927652247e-13,4.804974196304101e-10
8050000000.000001,-24.036913042970028,-24.03691304298157,-1.1542766742422828e-11,1.3984758135267223e-13,-1.0231815394945443e-10,-1.5552364779057286,-1.5552364779036307,2.097877427331696e-12,3.920057776318234e-13,2.3021584638627246e-11,-1.5552364779057286,-1.5552364779036723,2.056355086210715e-12,3.8997574631051273e-13,2.3021584638627246e-11,-23.913769138284295,-23.913769138266332,1.7962520360015333e-11,6.434910661361614e-13,5.663025604007998e-10
8100000000.0,-24.21247154630261,-24.212471546320625,-1.801581106519734e-11,1.7386529498461516e-13,-1.0982148523908108e-10,-1.567473083617989,-1.5674730836154926,2.496447493172127e-12,4.125756402466636e-13,2.3021584638627246e-11,-1.5674730836179367,-1.5674730836155872,2.3494539647117563e-12,4.0449971478427196e-13,2.3021584638627246e-11,-24.07449005972746,-24.07449005969311,3.434763584664324e-11,7.313990612887407e-13,6.303935151663609e-10
8150000000.0,-24.47525195334847,-24.47525195337387,-2.5401902803423582e-11,2.071777294419856e-13,-1.0680878403945826e-10,-1.5794596255892521,-1.579459625586459,2.793099085351969e-12,4.287401456423801e-13,2.2993162929196842e-11,-1.5794596255892521,-1.5794596255865434,2.708722135480457e-12,4.1243965016907877e-13,2.1998403099132702e-11,-24.32006944273858,-24.32006944268516,5.341860287444433e-11,8.003764841128812e-13,6.667164598184172e-10
8199999999.999999,-24.82856764395961,-24.828567643993015,-3.340616672176111e-11,2.386350466058665e-13,-9.089262675843202e-11,-1.5912144779850692,-1.5912144779820232,3.0460078903615795e-12,4.221855271874012e-13,2.100364326906856e-11,-1.5912144779851007,-1.591214477982169,2.9316549188251884e-12,4.254681147494992e-13,2.1998403099132702e-11,-24.652771563085814,-24.652771563011658,7.415579261760286e-11,8.474099440432525e-13,6.700133781123441e-10
8250000000.0,-25.2768483438363,-25.27684834387771,-4.141043064009864e-11,2.6589149444955947e-13,-5.999822860758286e-11,-1.6027669890061422,-1.6027669890029363,3.205880005907602e-12,4.124735874565348e-13,1.8985701899509877e-11,-1.6027669890061735,-1.6027669890030503,3.1232794128754904e-12,4.1644487852224584e-13,1.9980461729574017e-11,-25.075594703336304,-25.0755947032409,9.540457313050865e-11,8.703980341722712e-13,6.357936399581376e-10
8300000000.000001,-25.825413731792896,-25.825413731841746,-4.884981308350689e-11,2.8783154081902033e-13,-1.2988721209694631e-11,-1.6141563042253424,-1.614156304222194,3.148370453232019e-12,3.9848196887565346e-13,1.801936377887614e-11,-1.6141563042253526,-1.6141563042222764,3.0762059566313837e-12,3.932139754146387e-13,1.801936377887614e-11,-25.59185636183681,-25.591856361721096,1.1571543723221112e-10,8.687071364409442e-13,5.614140263787704e-10
8350000000.0,-26.47985317443119,-26.479853174486156,-5.496403332472255e-11,3.030802627579355e-13,5.118749868415762e-11,-1.6254298123192852,-1.6254298123159863,3.29891669537119e-12,3.826286852908537e-13,1.5006662579253316e-11,-1.6254298123192221,-1.6254298123161655,3.056666031397981e-12,3.7267600625883514e-13,1.602984411874786e-11,-26.204315502855806,-26.2043155027225,1.333049226559524e-10,8.420986727656103e-13,4.4519765651784837e-10
8400000000.0,-27.244500308951185,-27.244500309009947,-5.876188424736029e-11,3.102268341593721e-13,1.3139356269675773e-10,-1.6366412745289238,-1.6366412745258292,3.0946356588401613e-12,3.498234530261606e-13,1.3017142919125035e-11,-1.636641274528892,-1.636641274525977,2.915001573455811e-12,3.355814565259923e-13,1.3017142919125035e-11,-26.913340628551996,-26.9133406284058,1.4619772059631941e-10,7.926912384108694e-13,2.886793026846135e-10
8449999999.999999,-28.118908551533938,-28.118908551593037,-5.909939204684633e-11,3.0856766837335477e-13,2.2518520381709095e-10,-1.647848712285791,-1.6478487122829357,2.8552715747309776e-12,3.0788782629814584e-13,1.000444171950221e-11,-1.6478487122858143,-1.647848712283104,2.710276447714932e-12,3.0297239937698087e-13,1.0999201549566351e-11,-27.713189159286543,-27.71318915913468,1.518642989140062e-10,7.227987026083138e-13,9.740119821799453e-11
8500000000.0,-29.090114791688293,-29.090114791743005,-5.4711790653527714e-11,2.9836112838619803e-13,3.2670754990249407e-10,-1.6591121379523655,-1.6591121379498208,2.5446311724408588e-12,2.6692911104841707e-13,7.787548383930698e-12,-1.6591121379524285,-1.659112137949947,2.48157050464215e-12,2.65944355250236e-13,8.498091119690798e-12,-28.584795409492493,-28.58479540934509,1.4740209053343278e-10,6.360295566558484e-13,-1.1539214028744027e-10
8550000000.000001,-30.116938925220925,-30.11693892526494,-4.4014569766659406e-11,2.7956196878492197e-13,4.233982053847285e-10,-1.6704912210287146,-1.6704912210265253,2.1893598045608087e-12,2.2203804141747347e-13,5.4001247917767614e-12,-1.6704912210287342,-1.6704912210267464,1.9877433032888803e-12,2.0763317558245815e-13,5.9969806898152456e-12,-29.483087742149433,-29.483087742019407,1.3002576793041953e-10,5.368234881714117e-13,-3.2289904083881993e-10
8600000000.0,-31.103403141355095,-31.103403141381477,-2.638245177877252e-11,2.531683941304856e-13,4.90899765281938e-10,-1.6820429859624562,-1.6820429859606985,1.7577050925865478e-12,1.7345611149147271e-13,3.296918293926865e-12,-1.6820429859625416,-1.682042985960909,1.6326939800137552e-12,1.6630528127951367e-13,4.206412995699793e-12,-30.31942145352028,-30.31942145342154,9.874057127490232e-11,4.2986174015750825e-13,-4.781952611665474e-10
8650000000.0,-31.873418950559525,-31.87341895056385,-4.32365254710021e-12,2.2123283663873553e-13,4.964988420397276e-10,-1.6938196375040393,-1.693819637502634,1.4053203045705231e-12,1.3456805313421477e-13,1.3926637620897964e-12,-1.6938196375039862,-1.6938196375027315,1.254774062431352e-12,1.2424073083885226e-13,2.5011104298755527e-12,-30.951919062294706,-30.951919062236293,5.841371830683784e-11,3.2064917976240365e-13,-5.213109943724703e-10
8700000000.0,-32.20195066583682,-32.20195066582199,1.482902689531329e-11,1.857582349757221e-13,4.22517132392386e-10,-1.7058666051478495,-1.7058666051468672,9.823253321883385e-13,9.310226291535387e-14,3.979039320256561e-13,-1.7058666051478812,-1.7058666051469409,9.403589018575076e-13,9.14258380878203e-14,1.4779288903810084e-12,-31.21818107700728,-31.218181076985346,2.1934454252914293e-11,2.1426862422270515e-13,-4.225739758112468e-10
8750000000.0,-31.957132128607814,-31.957132128584828,2.298605750183924e-11,1.502170812989454e-13,3.0536284612026066e-10,-1.7182208895773674,-1.718220889576606,7.613909502879324e-13,7.186676967732262e-14,-1.1368683772161603e-13,-1.7182208895772617,-1.7182208895766482,6.135092434078615e-13,5.800423916204414e-14,-1.1368683772161603e-13,-31.028531447102104,-31.02853144709904,3.062439191126032e-12,1.159867222988282e-13,-2.3570123630634043e-10
8800000000.0,-31.2239327776904,-31.22393277766968,2.071942617476452e-11,1.19262333204336e-13,2.0793322619283572e-10,-1.7309097813960739,-1.7309097813957668,3.070876886113183e-13,3.610244016943569e-14,-1.5063505998114124e-12,-1.7309097813961374,-1.7309097813958836,2.537969834293108e-13,2.5475022306178225e-14,-5.968558980384842e-13,-30.438293622732402,-30.438293622728736,3.666400516522117e-12,3.673988066732433e-14,-6.571099220309407e-11
8850000000.0,-30.221473655722562,-30.221473655708024,1.453770437365165e-11,9.852632046484529e-14,1.559783413540572e-10,-1.7439500062588384,-1.7439500062587643,7.416289804496046e-14,1.9795933436445517e-14,-1.3073986337985843e-12,-1.7439500062588809,-1.7439500062587312,1.496580637194711e-13,1.9988023179882253e-14,-9.947598300641403e-13,-29.601747902107412,-29.601747902093294,1.411848415955319e-11,5.584160545744701e-14,2.589217729109805e-11
8900000000.0,-29.144271759964,-29.144271759954616,9.382716825712123e-12,9.267892029557906e-14,1.39010580824106e-10,-1.7573473314914176,-1.757347331491428,-1.0436096431476471e-14,1.8605761256232954e-14,-1.3073986337985843e-12,-1.7573473314914176,-1.757347331491492,-7.438494264988549e-14,1.5895199174603545e-14,-9.947598300641403e-13,-28.67204638037284,-28.672046380348114,2.4726887204451486e-11,1.0864697778820641e-13,4.3996806198265404e-11
8950000000.0,-28.105849844189006,-28.105849844182245,6.760814130757353e-12,9.693713665548265e-14,1.339799382549245e-10,-1.7710966483383523,-1.7710966483385224,-1.7008616737257398e-13,4.0304612875902535e-14,-2.6147972675971687e-12,-1.7710966483383523,-1.7710966483384596,-1.0724754417879012e-13,2.7508674073551775e-14,-1.8189894035458565e-12,-27.751748164009207,-27.75174816397844,3.076650045841234e-11,1.4573061016410683e-13,1.8985701899509877e-11
9000000000.0,-27.157487785421317,-27.1574877854152,6.117772954894463e-12,1.0493828826193841e-13,1.3099565876473207e-10,-1.785182522113773,-1.7851825221139872,-2.142730437526552e-13,3.725224277543837e-14,-2.2168933355715126e-12,-1.785182522113773,-1.785182522113805,-3.197442310920451e-14,3.7157035014822785e-14,-2.6147972675971687e-12,-26.8955026955813,-26.895502695549673,3.162625716868206e-11,1.6542720834262012e-13,-2.100364326906856e-11
9050000000.0,-26.316736592751266,-26.316736592744704,6.561862164744525e-12,1.083819052454888e-13,1.2101963875466026e-10,-1.799580180893021,-1.7995801808931717,-1.5076828674409626e-13,4.0775273945939775e-14,-2.7000623958883807e-12,-1.799580180893021,-1.799580180893086,-6.505906924303417e-14,4.010180276560211e-14,-2.7853275241795927e-12,-26.127609670818792,-26.12760967079044,2.8350655156827997e-11,1.6852063585233393e-13,-5.701394911739044e-11
9100000000.0,-25.5856192763377,-25.585619276330476,7.222666909001418e-12,1.0579233264141887e-13,1.049897946359124e-10,-1.8142568930481011,-1.8142568930482084,-1.0724754417879012e-13,4.922324371794314e-14,-3.410605131648481e-12,-1.8142568930481011,-1.8142568930482403,-1.3922196728799463e-13,5.391744710847709e-14,-3.694822225952521e-12,-25.456263112365352,-25.45626311234284,2.2513546582558774e-11,1.573100245335598e-13,-8.049028110690415e-11
9150000000.0,-24.95985526915891,-24.95985526915147,7.44293515708705e-12,9.593690778451162e-14,8.401457307627425e-11,-1.8291736659119828,-1.8291736659120055,-2.2648549702353193e-14,5.236278946834818e-14,-3.694822225952521e-12,-1.8291736659118651,-1.829173665911876,-1.0880185641326534e-14,5.3749594849350004e-14,-3.808509063674137e-12,-24.881992534046265,-24.881992534030644,1.5621282045685803e-11,1.3487385127977693e-13,-8.810729923425242e-11
9200000000.0,-24.43310876987634,-24.433108769869477,6.863842827442568e-12,7.907242092151595e-14,6.042455424903892e-11,-1.8442871829965022,-1.8442871829965126,-1.0436096431476471e-14,6.208978719080705e-14,-4.405364961712621e-12,-1.8442871829964482,-1.8442871829965666,-1.1834977442504169e-13,6.308890570650484e-14,-4.405364961712621e-12,-24.40209343124262,-24.402093431233737,8.881784197001252e-12,1.0493891272369232e-13,-8.080291991063859e-11
9250000000.0,-23.998829132568197,-23.998829132562832,5.364597654988756e-12,5.6322902333662227e-14,3.68913788406644e-11,-1.8595518861257354,-1.859551886125682,5.3512749786932545e-14,6.795381202131072e-14,-4.803268893738277e-12,-1.8595518861257354,-1.859551886125541,1.9451107391432743e-13,7.808163018744383e-14,-5.4001247917767614e-12,-24.01282279592988,-24.012822795926656,3.2223113066720543e-12,7.207533003285672e-14,-6.201616997714154e-11
9300000000.0,-23.65098324501811,-23.650983245014974,3.1370461783808423e-12,3.063028638437832e-14,1.6910917111090384e-11,-1.8749221019867612,-1.8749221019867504,1.0880185641326534e-14,7.897973894198164e-14,-5.6274984672199935e-12,-1.8749221019866644,-1.874922101986578,8.637535131583718e-14,9.584555504728073e-14,-6.792788553866558e-12,-23.710446801903835,-23.71044680190462,-7.851497230149107e-13,4.174536625414746e-14,-3.629452294262592e-11
9350000000.0,-23.384288351662413,-23.384288351661915,4.973799150320701e-13,5.0359788922161584e-15,2.7000623958883807e-12,-1.8903541101434362,-1.8903541101433823,5.395683899678261e-14,7.582311713397733e-14,-5.4001247917767614e-12,-1.8903541101433823,-1.8903541101433499,3.241851231905457e-14,8.865010930049477e-14,-6.30961949354969e-12,-23.491719493008667,-23.491719493011622,-2.9558577807620168e-12,2.4870724137899208e-14,-8.498091119690798e-12
9400000000.0,-23.19422068208543,-23.194220682087522,-2.092548356813495e-12,1.7560584605197475e-14,-4.490630090003833e-12,-1.9058080514695444,-1.9058080514697606,-2.162714451969805e-13,8.098100990120284e-14,-5.5990767577895895e-12,-1.9058080514695444,-1.905808051469654,-1.0969003483296547e-13,8.053308364775169e-14,-5.6843418860808015e-12,-23.35408430943854,-23.35408430944181,-3.268496584496461e-12,3.228499933738801e-14,1.659827830735594e-11
9450000000.0,-23.07692010607218,-23.076920106076287,-4.106937012693379e-12,3.3804102151184074e-14,-5.172751116333529e-12,-1.9212495820851083,-1.9212495820852273,-1.1901590823981678e-13,8.32668933801739e-14,-5.9117155615240335e-12,-1.9212495820851083,-1.9212495820851516,-4.3298697960381105e-14,8.81825345256145e-14,-6.30961949354969e-12,-23.295741105160467,-23.295741105162527,-2.0605739337042905e-12,4.461802880549488e-14,3.4788172342814505e-11
9500000000.0,-23.029038380816576,-23.029038380821625,-5.048406137575512e-12,4.1006734615154694e-14,-1.0800249583553523e-12,-1.9366511878967294,-1.9366511878970114,-2.8199664825478976e-13,6.283717655260778e-14,-4.092726157978177e-12,-1.9366511878967294,-1.9366511878969896,-2.602362769721367e-13,6.334561812320587e-14,-4.206412995699793e-12,-23.315644930237784,-23.31564493023757,2.1316282072803006e-13,5.126250862391671e-14,4.3002046368201263e-11
9550000000.0,-23.047543202698478,-23.04754320270307,-4.593658786689048e-12,3.762606437795726e-14,4.604316927725449e-12,-1.951993088414863,-1.9519930884151564,-2.9332092310596636e-13,6.060363676579935e-14,-3.893774191965349e-12,-1.951993088414841,-1.9519930884151564,-3.1530333899354446e-13,5.3176090178462776e-14,-3.211653165635653e-12,-23.4134620635683,-23.41346206356537,2.9309887850104133e-12,5.2242732786123053e-14,3.9904080040287226e-11
9600000000.0,-23.129471547856703,-23.12947154785933,-2.62545540863357e-12,2.3134310778755192e-14,7.787548383930698e-12,-1.9672636751818517,-1.9672636751820054,-1.5365486660812167e-13,2.6431703297108165e-14,-1.5916157281026244e-12,-1.9672636751818517,-1.9672636751820054,-1.5365486660812167e-13,2.6431703297108165e-14,-1.5916157281026244e-12,-23.589483533626616,-23.589483533621166,5.4498627832799684e-12,5.103274291775225e-14,2.5693225325085223e-11
9650000000.0,-23.271614500236883,-23.27161450023628,6.039613253960852e-13,6.9421405467175296e-15,4.206412995699793e-12,-1.9824594495018153,-1.98245944950187,-5.46229728115577e-14,7.589411837077887e-15,-3.979039320256561e-13,-1.9824594495018153,-1.9824594495020442,-2.289279876777073e-13,2.216223186218465e-14,-5.115907697472721e-13,-23.844474973958487,-23.84447497395137,7.116085498637403e-12,5.2661358366801175e-14,2.1032064978498966e-12
9700000000.0,-23.470108582573218,-23.470108582568724,4.494182803682634e-12,3.641082623486486e-14,-9.379164112033322e-12,-1.9975844457135619,-1.99758444571354,2.1760371282653068e-14,2.0471501066083613e-15,0.0,-1.9975844457135619,-1.9975844457135947,-3.2862601528904634e-14,3.3399081181809284e-15,1.1368683772161603e-13,-24.17941534880837,-24.1794153488009,7.467804152838653e-12,6.051986353986761e-14,-2.6915358830592595e-11
9750000000.0,-23.71990621936139,-23.719906219353327,8.064660050877137e-12,7.155390118933625e-14,-3.359446054673754e-11,-2.0126491495012413,-2.0126491495008474,3.9390712913700554e-13,3.6628485364411435e-14,5.115907697472721e-13,-2.0126491495012413,-2.012649149501144,9.725553695716371e-14,1.7656124277946606e-14,1.0800249583553523e-12,-24.595036464744197,-24.59503646473799,6.206590796864475e-12,7.123521236345336e-14,-5.587708074017428e-11
9800000000.0,-24.014105547578236,-24.014105547568004,1.0231815394945443e-11,1.0309896600024777e-13,-6.508571459562518e-11,-2.027668945146229,-2.027668945145714,5.151434834260726e-13,4.793965646407297e-14,7.105427357601002e-13,-2.0276689451463055,-2.0276689451460754,2.3003821070233244e-13,2.507851037520163e-14,9.947598300641403e-13,-25.09100801102296,-25.091008011019547,3.4141578453272814e-12,7.884238434982182e-14,-7.79891706770286e-11
9850000000.0,-24.343148809837384,-24.34314880982733,1.0054179711005418e-11,1.218685854333074e-13,-9.410427992406767e-11,-2.04266215053756,-2.042662150536777,7.833733661755105e-13,7.144567673837186e-14,-3.979039320256561e-13,-2.0426621505376246,-2.0426621505369758,6.488143355909415e-13,5.926108542765455e-14,2.8421709430404007e-13,-25.664504863892994,-25.664504863893256,-2.6290081223123707e-13,7.820215971012645e-14,-8.600409273640253e-11
9900000000.0,-24.69396800636316,-24.693968006355767,7.393197165583842e-12,1.1770432536988092e-13,-1.049897946359124e-10,-2.0576477234408976,-2.0576477234401156,7.820410985459603e-13,7.289485033589032e-14,-1.1937117960769683e-12,-2.0576477234408976,-2.0576477234403368,5.608846720406291e-13,5.2388830947824986e-14,-9.094947017729282e-13,-26.307741138148423,-26.307741138152068,-3.645084234449314e-12,6.448698157471019e-14,-7.250378075696062e-11
9950000000.0,-25.049287815953623,-25.049287815949974,3.6486369481281145e-12,7.956801077965692e-14,-7.790390554873738e-11,-2.0726427461636354,-2.072642746163052,5.835332217429823e-13,5.735158976110065e-14,-1.5916157281026244e-12,-2.0726427461636354,-2.072642746163173,4.622968674539152e-13,4.2855183991760767e-14,-6.252776074688882e-13,-27.00392015202803,-27.003920152032677,-4.646949491871055e-12,3.521531588240888e-14,-3.319655661471188e-11
10000000000.0,-25.3874891948741,-25.387489194871563,2.5366375666635577e-12,1.6621077162680102e-14,5.7980287238024175e-12,-2.0876598173832015,-2.0876598173831793,2.220446049250313e-14,1.9485012083081962e-14,-1.4210854715202004e-12,-2.0876598173832015,-2.087659817383191,1.0658141036401503e-14,1.9404547016207557e-14,-1.4210854715202004e-12,-27.72121746210808,-27.721217462108484,-4.050093593832571e-13,2.1033535237117645e-14,2.9189095585024916e-11
