frequency_hz,comsol_s11_db,comsol_s12_db,comsol_s21_db,comsol_s22_db,delta_s11_complex,delta_s11_db,delta_s12_complex,delta_s12_db,delta_s21_complex,delta_s21_db,delta_s22_complex,delta_s22_db,hfss_s11_db,hfss_s12_db,hfss_s21_db,hfss_s22_db
1000000000.0,-24.35159191388541,-0.1436595273169042,-0.14366113377113385,-24.307114658203965,0.02699096880550861,5.108477555167511,0.021576679120344066,0.04520071736016354,0.021576691109510916,0.0451991109059339,0.02754331120105467,5.217053607088111,-29.46006946905292,-0.18886024467706775,-0.18886024467706775,-29.524168265292076
1050000000.0,-24.374301106966474,-0.1513782403143411,-0.15137991889582186,-24.32926343706678,0.026340219416016157,4.962951885118869,0.022841327394074257,0.04681975705075617,0.022841323721394646,0.046818078469247765,0.026935141815255043,5.069779016834346,-29.337252992085343,-0.19819799736509727,-0.19819799736506963,-29.399042453901124
1100000000.0,-24.4487025614113,-0.15910351341763151,-0.15910518610972452,-24.403523422952034,0.025504694517243083,4.810089282698918,0.024116101201981193,0.048420080784120495,0.024116084503039762,0.04841840809199194,0.026138442427105106,4.914126831506373,-29.258791844110217,-0.207523594201752,-0.20752359420171645,-29.317650254458407
1150000000.0000002,-24.57613100981774,-0.1668313010666084,-0.16683289959780861,-24.53130855496316,0.024491029259225104,4.649155012152971,0.025400454024064902,0.04998784362283995,0.02540042840820378,0.049986245091596215,0.025159509688078886,4.7492039702692,-29.22528602197071,-0.21681914468944835,-0.21681914468940483,-29.28051252523236
1200000000.0000002,-24.75868581447548,-0.17456091574768162,-0.17456238980341748,-24.714823956323116,0.023306680234196124,4.47906687762865,0.02669391259457696,0.051509898151818806,0.026693882855487797,0.0515084240960384,0.02400551482502978,4.5737267405624635,-29.23775269210413,-0.22607081389950043,-0.22607081389945588,-29.28855069688558
1250000000.0,-24.99932000830711,-0.18229495313883068,-0.18229627343455462,-24.9571668773195,0.0219599680173428,4.2983429043356765,0.027996022355407726,0.052973553638945375,0.02799599337596473,0.052972233343175856,0.02268452285174255,4.385948354940524,-29.297662912642785,-0.23526850677777605,-0.23526850677773048,-29.343115232260025
1300000000.0,-25.301978492974186,-0.19003912763991598,-0.1900402850229918,-25.262483157624356,0.02046014777360932,4.105018592008086,0.02930630001932291,0.05436640192442982,0.02930627647414373,0.054365244541317304,0.021205528033363764,4.183546399775121,-29.406997084982272,-0.2444055295643458,-0.2444055295643091,-29.446029557399477
1350000000.0,-25.67179989712284,-0.19780202540860647,-0.1978030281506245,-25.636197909422556,0.018817521300017997,3.896523287589652,0.03062419253526223,0.05567621531520389,0.030624178815275866,0.05567521257315905,0.01957851115973843,3.9634539688179125,-29.56832318471249,-0.25347824072381037,-0.25347824072378355,-29.59965187824047
1400000000.0000002,-26.115404460325983,-0.20559478229319958,-0.20559565326370893,-26.085350276979113,0.01704362135587247,3.6694992257342633,0.03194904228273715,0.05689091933509918,0.03194904250296312,0.056890048364570955,0.017814533114587854,3.721607910434848,-29.784903686060247,-0.26248570162829876,-0.2624857016282799,-29.80695818741396
1450000000.0000002,-26.641301604205964,-0.21343069492139013,-0.21343146936122828,-26.619079849625386,0.015151538865386841,3.419538025261808,0.033280058599089966,0.05799864004705926,0.0332800765802309,0.05799786560721118,0.015925898706558857,3.452570799868184,-30.06083962946777,-0.2714293349684494,-0.27142933496843946,-30.07165064949357
1500000000.0,-27.260466841435015,-0.22132477352423577,-0.2213254973929363,-27.249341376659547,0.013156562722487329,3.140796863547539,0.03461629591898794,0.05898782306146519,0.0346163350930958,0.05898709919275566,0.013926471896368774,3.1489547348751437,-30.401263704982554,-0.28031259658570096,-0.28031259658569196,-30.39829611153469
1550000000.0,-27.9871583636759,-0.22929324523826367,-0.22929397373569843,-27.991973085336824,0.011077578510321266,2.8254403261009955,0.03595663893934737,0.059847418982160616,0.03595670217462889,0.05984669048472585,0.011832351653486265,2.8005257734471414,-30.812598689776895,-0.2891406642204243,-0.2891406642204243,-30.792498858783965
1600000000.0,-28.84006220173328,-0.23735301703081307,-0.2373538127976234,-28.86832556187489,0.008940557275355029,2.4628406493616133,0.03729979527341991,0.06056712762003874,0.03729988464438306,0.060566331853228406,0.009663516303813005,2.392782160918131,-31.302902851094892,-0.2979201446508518,-0.2979201446508518,-31.26110772279302
1650000000.0000002,-29.843835385206546,-0.24552110829377422,-0.2455220388556514,-29.907789894221754,0.006788836197059491,2.0384929424400298,0.038644296049389903,0.06113769065312963,0.0386444125883547,0.061136760091252434,0.007448524702551877,1.9046548147135631,-31.882328327646576,-0.30665879894690384,-0.30665879894690384,-31.812444708935317
1700000000.0000002,-31.030905953102167,-0.2538140644166288,-0.25381519856190987,-31.151738215468146,0.004720826032449029,1.5328096751211326,0.039988504786893066,0.06155121974106437,0.039988648259767716,0.06155008559578329,0.005241374020343686,1.3047682165990118,-32.5637156282233,-0.31536528415769316,-0.31536528415769316,-32.45650643206716
1750000000.0,-32.44235265361183,-0.26224736407287463,-0.2622487670741334,-32.659383127467464,0.003062399483639562,0.9209631375517233,0.04133063469586599,0.06180154467709292,0.041330803456610554,0.06180014167583414,0.003205672292962823,0.5456118111789436,-33.36331579116355,-0.32404890874996756,-0.32404890874996756,-33.20499493864641
1800000000.0,-34.12214769937781,-0.2708348343305227,-0.27083656224342323,-34.51422921220644,0.00281526856084862,0.17935397476107795,0.04266877429531148,0.06188456422485544,0.042668965270962804,0.0618828363119549,0.002126294782034181,-0.4434415597403003,-34.30150167413889,-0.33271939855537813,-0.33271939855537813,-34.07078765246614
1850000000.0,-36.079810020709374,-0.27958808886565706,-0.27959018256593826,-36.81516277932075,0.004263194868624507,-0.6769378029475845,0.0440009209636946,0.06179858101295704,0.04400112981689632,0.06179648731267584,0.0032430553772947544,-1.7493485959508632,-35.40287221776179,-0.3413866698786141,-0.3413866698786141,-35.06581418336989
1900000000.0000002,-38.12758778952288,-0.2885160054821383,-0.2885184854903734,-39.5373828423261,0.006327713165587991,-1.4339868017483823,0.04532502173815998,0.06154460127222211,0.04532524322534847,0.061542121263987004,0.005314296650928514,-3.342718864057403,-36.693600987774495,-0.3500606067543604,-0.3500606067543604,-36.1946639782687
1950000000.0000002,-39.459634779765054,-0.2976242597187368,-0.29762712307564376,-41.72711555718513,0.008549602681240108,-1.2709556648759985,0.04663902037958284,0.0611265803598669,0.04663924887412484,0.061123717002950884,0.007571496993761781,-4.28974896202633,-38.188679114889055,-0.3587508400786037,-0.35875084007859465,-37.4373665951588
2000000000.0,-38.93667090304297,-0.3069149314938143,-0.306918151713631,-41.01319178264676,0.01079718086156982,0.9088587452203853,0.0479409094209329,0.06055159592412518,0.047941139519491374,0.06054837570430849,0.009852229738523293,-2.3048981877990187,-39.84552964826336,-0.3674665274179395,-0.3674665274179395,-38.70829359484774
2050000000.0000002,-37.00989527001299,-0.3163862011870009,-0.31638973162058964,-38.26852710801772,0.013015472133374187,4.418456866019461,0.04922878562436846,0.05982993244856588,0.04922901271247055,0.05982640201496908,0.012100412764608477,1.5155307996551102,-41.42835213603245,-0.3762161336355668,-0.3762161336355587,-39.78405790767283
2100000000.0,-34.84871294322977,-0.3260321499232724,-0.32603592984121627,-35.57870302982918,0.015171593722130757,7.461890901555201,0.05050090699742919,0.05897506404258257,0.05050112765629487,0.0589712841246387,0.01428435112359442,4.703331770878798,-42.31060384478497,-0.38500721396585497,-0.38500721396585497,-40.282034800707976
2150000000.0000005,-32.911846238640614,-0.33584267582122473,-0.33584663766737977,-33.36143340466889,0.017240879972716512,8.927806731762509,0.051755749313112394,0.05800352689180849,0.05175596149933782,0.057999565045662504,0.01638032472886504,6.551894855587193,-41.83965297040312,-0.3938462027130332,-0.39384620271304227,-39.91332826025608
2200000000.0,-31.25996796018308,-0.345803533688907,-0.34580760965157276,-31.55447241987597,0.019202511446481718,9.044292732625099,0.05299205997874677,0.05693467853809825,0.052992262991963246,0.056930602575432476,0.018368090677136493,7.270210911070357,-40.30426069280818,-0.40273821222700523,-0.40273821222700523,-38.82468333094633
2250000000.0,-29.858981729501927,-0.3558965006758399,-0.35590062717794074,-30.06124321018389,0.021037929625579307,8.60028790595267,0.05420890715970945,0.05579034743725014,0.05420910148135882,0.05578622093514929,0.02022939966320478,7.351375934789942,-38.459269635454596,-0.41168684811309003,-0.41168684811309003,-37.41261914497383
2300000000.0000005,-28.6650697632589,-0.3660996655863725,-0.36610378521846004,-28.80879577775278,0.022730225280268544,8.041187192357953,0.05540572225980958,0.05459438206901668,0.05540590937635901,0.054590262436938264,0.021947471461452307,7.15889380161644,-36.70625695561685,-0.4206940476553892,-0.4206940476553983,-35.96768957936922
2350000000.0,-27.641631505860698,-0.37638783559072847,-0.3763918969745663,-27.746244526267596,0.02426391223333518,7.511223428987112,0.056582334161005096,0.05337211349825066,0.05658251646152981,0.05336805211441281,0.023506826036971445,6.872045213148233,-35.15285493484781,-0.42975994908897913,-0.42975994908897913,-34.61828973941583
2400000000.0000005,-26.760616593005217,-0.38673305119927215,-0.38673700787716636,-26.838036605977692,0.025624865977836257,7.041179281883153,0.05773899395910531,0.05214974837361841,0.0577391747444893,0.05214579169572314,0.024893259256396297,6.5649392386334995,-33.80179587488837,-0.43888279957289056,-0.4388827995728895,-33.40297584461119
2450000000.0,-26.000929214829792,-0.39710519848182746,-0.3971090080616782,-26.058875272116456,0.026800334683248002,6.6290296439933165,0.05887638924965169,0.05095371096724988,0.05887657282856946,0.05094990138739913,0.026093879037706977,6.26521255434233,-32.62995885882311,-0.44805890944907734,-0.44805890944907734,-32.324087826458786
2500000000.0,-25.346702935098456,-0.407472706265808,-0.407476330780984,-25.390408242241392,0.02777898045252826,6.265313557099201,0.059995647289527165,0.04980995333475696,0.05999583909494126,0.04980632881959007,0.027097164956536517,5.9816169039071525,-31.612016492197657,-0.45728265960056497,-0.45728265960057407,-31.372025146148545
2550000000.0000005,-24.785951839306037,-0.4178033150608263,-0.4178067230425657,-24.81910867943555,0.028550930600871785,5.940294897239838,0.06109832657402054,0.04874325239369598,0.061098533207881035,0.04873984441195656,0.027893034031373214,5.715495502536637,-30.726246736545875,-0.4665465674545223,-0.4665465674545223,-30.53460418197219
2600000000.0,-24.3095967899194,-0.42806490343617265,-0.4280680736812571,-24.334904754793065,0.029107829162453126,5.6456629108575065,0.062186396532036996,0.047776512011876715,0.0621866256506114,0.04777334176680137,0.02847290451790411,5.465420496389044,-29.955259700776907,-0.47584141544804937,-0.47584141544805847,-29.80032525118211
2650000000.0000005,-23.9107788337243,-0.43822635623443634,-0.43822928278109174,-23.930277752935957,0.029442884178691956,5.374667681670559,0.06326220518031046,0.04693008741367233,0.06326246514739266,0.046927160867016926,0.02882975413324995,5.229050627295933,-29.28544651539486,-0.48515644364810867,-0.48515644364810867,-29.15932838023189
2700000000.0,-23.584378494915256,-0.4482584571932897,-0.44826115462963173,-23.59965913618911,0.029550909211893545,5.121860106420627,0.0643284347079921,0.046221148584075944,0.0643287339775738,0.04621845114773393,0.028958171636537088,5.003856252331168,-28.706238601335883,-0.49447960577736566,-0.49447960577736566,-28.60351538852028
2750000000.0,-23.32668116864996,-0.4581347861787874,-0.4581372941394721,-23.339023896892023,0.02942835910329228,4.882779242535996,0.06538804513451874,0.045663099070689606,0.06538839136806823,0.04566059111000492,0.02885440214696973,4.787377022069503,-28.209460411185955,-0.503797885249477,-0.503797885249477,-28.126400918961526
2800000000.0000005,-23.135147716675903,-0.46783259846098724,-0.4678349840423987,-23.14561743655296,0.02907336081642167,4.653676611750168,0.0664442064244087,0.04526506661655927,0.06644460540210369,0.045262681035139585,0.028516387494573824,4.577285025340981,-27.78882432842607,-0.5130976650775465,-0.5130976650775383,-27.72290246189394
2850000000.0,-23.008263294069323,-0.47733366049139814,-0.4773360174120919,-23.017777381406155,0.028485740549585706,4.431290297412154,0.06750021978018002,0.045031482323715566,0.067500674226684,0.04502912540301257,0.027943803529835543,4.371366752031019,-27.439553591481477,-0.5223651428151137,-0.5223651428151045,-27.389144133437174
2900000000.0000005,-22.945447328988063,-0.48662501392963264,-0.4866274576140966,-22.954826881172327,0.02766704834565733,4.212660103215608,0.06855942928642615,0.04496176521794437,0.06855993778855522,0.04495932153348042,0.027138096867417076,4.167470637366964,-27.15810743220367,-0.531586779147577,-0.531586779147577,-27.12229751853929
2950000000.0,-22.947014757248283,-0.4956996376528051,-0.4957022960602531,-22.957025945548374,0.026620581291522862,3.994970362803656,0.06962512563136058,0.04505012884566062,0.06962568186768826,0.04504747043821261,0.02610252423604401,3.9634381729452812,-26.94198512005194,-0.5407497664984657,-0.5407497664984657,-26.920464118493655
3000000000.0,-23.01418419129974,-0.5045569766681572,-0.5045599775805236,-23.025574579100233,0.025351406219299707,3.7754068300252186,0.07070044425940596,0.04528552549682574,0.07070103676369141,0.045282524584449035,0.024842198872300374,3.7570234573026546,-26.78959102132496,-0.549842502164983,-0.5498425021649727,-26.782598036402888
3050000000.0000005,-23.149133554217578,-0.5132033076772555,-0.513206764125871,-23.16266736631245,0.02386638278628227,3.5510143650922643,0.07178826095847902,0.04565174147560491,0.07178887358512621,0.04564828502698115,0.02336415107490856,3.5457993734191184,-26.700147919309842,-0.5588550491528604,-0.5588550491528521,-26.70846673973157
3100000000.0,-23.355108566173712,-0.5216519137817217,-0.5216559100846714,-23.371604811765874,0.02217418828535976,3.318541437132396,0.07289108847583066,0.046127653344643416,0.07289170161444554,0.046123657041694854,0.021677415956927352,3.3270442471048014,-26.673650003306108,-0.5677795671263651,-0.5677795671263662,-26.698649058870675
3150000000.0000005,-23.63659502241208,-0.5299230455799985,-0.5299276267157008,-23.656973085958835,0.020285347297759205,3.0742551184850093,0.07401097820282374,0.04668765020933774,0.07401157062349634,0.0466830690736354,0.019793174913660155,3.0975988719830845,-26.71085014089709,-0.5766106957893362,-0.5766106957893362,-26.75457195794192
3200000000.0,-23.999572736832768,-0.5380436524204388,-0.5380488189805532,-24.024911803164688,0.018212274290522176,2.813705696577294,0.07514943118636049,0.047302221188893046,0.07514998223119333,0.047297054628778645,0.017725009481190553,2.8536790436834103,-26.813278433410062,-0.5853458736093319,-0.5853458736093319,-26.8785908468481
3250000000.0,-24.451877931442503,-0.5460468753904097,-0.5460525851554752,-24.483500010375604,0.015969350831334696,2.5314127031459535,0.07630732266625884,0.047938700715487226,0.07630781439966632,0.047932990950421805,0.015489408794665448,2.5906225387382875,-26.983290634588457,-0.593985576105897,-0.593985576105897,-27.07412254911389
3300000000.0000005,-25.003711590958734,-0.5539713021657366,-0.5539774777667066,-25.04330419926058,0.01357309828899705,2.220433901216701,0.07748484400294103,0.048562157772658376,0.07748526293605548,0.04855598217168844,0.013106906904543582,2.3025419237213676,-27.224145492175435,-0.602533459938395,-0.602533459938395,-27.345846122981946
3350000000.0,-25.668340684344017,-0.5618599926096066,-0.5618665333529135,-25.718146909713102,0.011042635358253242,1.8717678176565968,0.07868146530069216,0.049136409104802325,0.07868180341898906,0.049129868361495466,0.010604997280652825,1.9818487049446745,-27.540108502000614,-0.6109964017144089,-0.6109964017144089,-27.699995614657777
3400000000.0000005,-26.463032770323483,-0.5697592928824642,-0.5697660880551585,-26.52615833092497,0.008401123134513279,1.4735407841785566,0.07989592130995288,0.049625130854640376,0.07989617631398314,0.04961833568194607,0.008027038884660095,1.618623840876804,-27.93657355450204,-0.6193844237371046,-0.6193844237371046,-28.144782171801776
3450000000.0,-27.41018806684336,-0.5777174647231643,-0.5777244057772478,-27.491115985214346,0.005681691912260759,1.0099897420217907,0.08112622237100696,0.04999303800942967,0.08112639722154552,0.04998609695534617,0.005467285872537041,1.1998872273075385,-28.42017780886515,-0.627710502732594,-0.627710502732594,-28.691003212521885
3500000000.0,-28.538288784919864,-0.5857831655351893,-0.5857901552901394,-28.64376447869205,0.002967612480257169,0.4605565682637689,0.08236969126061339,0.050207096300183496,0.0823697932463504,0.050200106545233325,0.0032650565259213205,0.709161998316084,-28.998845353183633,-0.6359902618353728,-0.6359902618353728,-29.352926477008133
3550000000.0000005,-29.88094281077105,-0.5940038236921716,-0.5940107817402581,-30.021481837243222,0.001207861774791661,-0.1993432464536582,0.08362302584886849,0.050237726932983895,0.08362306543922952,0.050230768884897414,0.002847007615771681,0.12809562128514784,-29.68159956431739,-0.6442415506251555,-0.6442415506251555,-30.14957745852837
3600000000.0,-31.46721514589416,-0.6024239615816449,-0.6024308260740976,-31.659320925190606,0.0033202759579259453,-0.9894599535368762,0.0848823864749366,0.05005996106127686,0.08488237619306173,0.050053096568824174,0.0048025611707218675,-0.5527265678264257,-30.477755192357282,-0.6524839226429218,-0.6524839226429218,-31.10659435736418
3650000000.0000005,-33.2779554834505,-0.6110835256638427,-0.6110902523386496,-33.54472220312348,0.006141728153736456,-1.88339902468363,0.08614350594116174,0.049654498727519814,0.0861434594201497,0.04964777205271209,0.007469883879192885,-1.2859719448165023,-31.394556458766868,-0.6607380243913625,-0.6607380243913616,-32.258750258306975
3700000000.0,-35.091872313806455,-0.6200162875390918,-0.6200228471789334,-35.44546693488539,0.00900938444134274,-2.6608012568177273,0.0874018190591577,0.049008626612444206,0.08740175035991488,0.049002066972602565,0.010293636475745533,-1.79285249159674,-32.43107105698873,-0.669024914151536,-0.669024914151536,-33.65261444328865
3750000000.0000005,-36.18569620875468,-0.6292483821377732,-0.6292547576474848,-36.55410459767634,0.011848312681388022,-2.6221182787359467,0.08865260780984945,0.04811695068790223,0.08865253100155979,0.04811057517819062,0.013136594174601184,-1.2086811989986543,-33.56357793001873,-0.6773653328256755,-0.6773653328256755,-35.34542339867769
3800000000.0000005,-35.698171263669934,-0.63879704827955,-0.6388032323626451,-35.93457805518091,0.014621316245106129,-0.9836736878039787,0.08989115744890377,0.04698190396425972,0.08989108639874809,0.04697571988116456,0.01593882495949068,1.4447680737610753,-34.714497575865956,-0.6857789522438097,-0.6857789522438097,-37.37934612894198
3850000000.0,-34.00029779689211,-0.6486696328150097,-0.648675626902024,-34.09400722690699,0.01729848508183994,1.7037769718010338,0.09111291834090476,0.045613995948207364,0.09111286662631825,0.04560800186119307,0.01866073493000171,5.540065804984501,-35.70407476869315,-0.694283628763217,-0.694283628763217,-39.63407303189149
3900000000.0000005,-32.031930511337904,-0.6588629123831742,-0.6588687270818632,-32.049532698765624,0.019852487651344064,4.20747307801804,0.09231366795481054,0.04403177899165056,0.09231364879966705,0.04402596429296157,0.02127012316484151,9.256581397987723,-36.239403589355945,-0.7028946913748247,-0.7028946913748247,-41.30611409675335
3950000000.0,-30.224183464108073,-0.6693627766678538,-0.6693684336445709,-30.209028261067715,0.022257553310716296,5.850400292995353,0.09348966731093578,0.04226151710944703,0.09348969345141822,0.04225586013272997,0.02373839893035367,10.68393138576453,-36.074583757103426,-0.7116242937773009,-0.7116242937773009,-40.892959646832246
4000000000.0,-28.663739390695923,-0.6801443043123058,-0.6801498391906582,-28.63598712517431,0.024489311660649982,6.595996128293287,0.09463780623084178,0.04033655458440355,0.09463788963280682,0.04033101970605113,0.02603934259935169,10.144324848092815,-35.25973551898921,-0.7204808588967093,-0.7204808588967093,-38.780311973267125
4050000000.0,-27.335646109244138,-0.6911722478696359,-0.6911777134952983,-27.304482887179486,0.026524886152772625,6.748098282275905,0.09575573199594727,0.038296394211762896,0.09575588337107982,0.0382909285861005,0.028148725355146495,9.134951594241695,-34.08374439152004,-0.7294686420813988,-0.7294686420813988,-36.43943448142118
4100000000.0000005,-26.20656907940314,-0.7024019280052586,-0.7024073972992995,-26.17643579291208,0.02834306931807801,6.606715102615993,0.09684195645267658,0.036185507708119014,0.0968421845483237,0.03618003841407813,0.030044256737516078,8.217501631257939,-32.81328418201913,-0.7385874357133776,-0.7385874357133776,-34.39393742417002
4150000000.0000005,-25.24557445138249,-0.7137805204200294,-0.7137860880444473,-25.21882167092421,0.02992451883939373,6.348077835499595,0.09789593718712834,0.034051912916241434,0.09789624785092187,0.03404634529182349,0.0317056638401456,7.465557392365117,-31.593652286882083,-0.7478324333362708,-0.7478324333362708,-32.68437906328933
4200000000.0,-24.427829481640014,-0.725248702447502,-0.725254484592689,-24.40586435831026,0.03125194986979801,6.054742458414889,0.09891812910636148,0.03194556331215448,0.0989185241517127,0.03193978116695795,0.03311482037019766,6.852236593153535,-30.482571940054903,-0.7571942657596564,-0.757194265759647,-31.258100951463796
4250000000.0,-23.734200302313482,-0.736742610803625,-0.7367487425530268,-23.718012206408446,0.032310313206836055,5.760989888492176,0.09991000357570609,0.029916604363345534,0.09991047949369933,0.029910472613934203,0.034255888539267344,6.342628778471131,-29.49519019080566,-0.7666592151669706,-0.766659215166961,-30.060640984879576
4300000000.000001,-23.15012539419621,-0.7481960482384664,-0.7482026780665001,-23.140546542644913,0.03308695575620985,5.479343887607968,0.1008740331448133,0.028013558051834253,0.10087457973666687,0.028006928223800576,0.035115456567710514,5.909014075065901,-28.629469281804177,-0.7762096062903007,-0.7762096062903007,-29.049560617710814
4350000000.000001,-22.66458028505155,-0.7595428653632397,-0.7595501463628952,-22.662429334243676,0.03357176378134578,5.213028712359659,0.10181364082683454,0.02628150114504213,0.1018142398796501,0.026274220145386606,0.03568266450357286,5.53111608844992,-27.87760899741121,-0.7858243665082818,-0.7858243665082818,-28.193545422693596
4400000000.0,-22.26927876262713,-0.7707194350005337,-0.7707275124974806,-22.27545283379964,0.03375729241423641,4.9614383633874475,0.10273311387514085,0.024760304586728177,0.10273373807688607,0.02475222708978131,0.035949316720459125,5.194186694749195,-27.23071712601458,-0.7954797395872619,-0.7954797395872619,-27.469639528548836
4450000000.0,-21.958092135838786,-0.7816671301854528,-0.781676125650581,-21.97363889650381,0.033638887597646175,4.72248381393651,0.10363748304331354,0.023483000845643476,0.10363809542647522,0.02347400538051525,0.035909983220673604,4.887287455608071,-26.680575949775296,-0.8051501310310962,-0.8051501310310962,-26.860926352111882
4500000000.0,-21.726639499727817,-0.792334713526131,-0.7923447053670329,-21.75282683084836,0.0332148096299163,4.493579236484152,0.10453236945422564,0.02247434340362553,0.1045329237236328,0.02246435156272364,0.035562094882870404,4.602046065975539,-26.22021873621197,-0.8148090569297566,-0.8148090569297566,-26.3548728968239
4550000000.000001,-21.572007018503605,-0.8026805452102921,-0.8026915481399206,-21.61040241380601,0.032486371585703104,4.272033310884048,0.10542380245920902,0.021749617859809223,0.10542424454319921,0.0217386149301807,0.03490604083977631,4.331792533643213,-25.844040329387653,-0.8244301630701013,-0.8244301630701013,-25.942194947449224
4600000000.000001,-21.492565279783406,-0.8126745198180075,-0.8126864657797048,-21.545136223812907,0.031458112423251576,4.055177671939941,0.10631801322611956,0.021313757300168157,0.10631828423811132,0.021301811338470866,0.03394528008933226,4.070950889359292,-25.547742951723347,-0.8339882771181757,-0.8339882771181757,-25.6160871131722
4650000000.0,-21.487863857081702,-0.8222996484849558,-0.8223123729647523,-21.557112631047303,0.030138036105023146,3.8403774544153926,0.10722121017913559,0.02116080559597644,0.10722125068982509,0.02114808111617994,0.03268648554375575,3.8145905158261044,-25.328241311497095,-0.8434604540809323,-0.8434604540809323,-25.371703146873408
4700000000.0,-21.55859014664674,-0.8315532127794746,-0.8315664501624814,-21.647741916022056,0.028537969627051307,3.6249873388179523,0.10813934370276188,0.021273761345535047,0.10813909887915607,0.0212605239625282,0.031139749489689703,3.55806839787644,-25.183577485464692,-0.8528269741250096,-0.8528269741250096,-25.205810313898496
4750000000.0,-21.706585495547603,-0.8404474294409915,-0.8404608196375353,-21.819858457023006,0.026674135113976375,3.406280476381717,0.10907786859859492,0.02162482280104816,0.10907729349014618,0.021611432604504377,0.02931889987091573,3.2967106447548176,-25.11286597192932,-0.8620722522420396,-0.8620722522420396,-25.116569101777824
4800000000.000001,-21.934915809876834,-0.849009580159643,-0.8490226864185623,-22.0779195751183,0.024568117542281047,3.181362092777711,0.11004151356073627,0.022176041053939444,0.11004057771906142,0.022162934795020184,0.02724201759407075,3.0254887348787136,-25.116277902654545,-0.8711856212135825,-0.8711856212135825,-25.103408309997015
4850000000.000001,-22.247995796911127,-0.8572815772644913,-0.8572939127425656,-22.428334946272976,0.022248594553697352,2.9470744881260877,0.11103406737567703,0.022880375545326292,0.11103275812713749,0.022868040067241413,0.024932330125136102,2.7386435835977103,-25.195070285037215,-0.8801619528098176,-0.880161952809807,-25.166978529870686
4900000000.0,-22.651763798551293,-0.8653189543378249,-0.8653300134472126,-22.879979328853356,0.019754610315422177,2.699903222129656,0.11205819163344513,0.023683132730892176,0.11205651562530108,0.023672073621504475,0.022419842825791625,2.429197206050951,-25.35166702068095,-0.8890020870687171,-0.8890020870687171,-25.309176534904307
4950000000.0,-23.153892188425715,-0.8731892904576456,-0.8731985807215158,-23.444978237126477,0.017142153422847688,2.435909409739917,0.1131152694149561,0.02452375526412809,0.11311325241467937,0.02451446500025789,0.019744499920062844,2.088262466431779,-25.589801598165632,-0.8977130457217737,-0.8977130457217737,-25.533240703558256
5000000000.0,-23.76398165237944,-0.8809700981167297,-0.8809771691261157,-24.139918703183735,0.014498156319350575,2.1507544506687175,0.11420529862429021,0.025337915072721984,0.1142029838434787,0.025330844063335967,0.016962720594245292,1.7040054398532796,-25.914736103048156,-0.9063080131894516,-0.9063080131894516,-25.843924143037015
5050000000.000001,-24.493587336730126,-0.8887462276210119,-0.8887506951673521,-24.987745775851927,0.011971323402895652,1.8399895699844926,0.11532683728764649,0.02605984923961857,0.11532428266171357,0.026055381693278368,0.014161847691447524,1.260011806693786,-26.33357690671462,-0.9148060768606304,-0.9148060768606304,-26.247757582545713
5100000000.000001,-25.355657569834943,-0.8966068641452328,-0.8966084290971099,-26.020791411588725,0.009835490466825877,1.5000545725598364,0.11647700621534793,0.026624863203281612,0.11647428108319018,0.026623298251404526,0.011493711892509263,0.7326247578903633,-26.85571214239478,-0.9232317273485144,-0.9232317273485144,-26.753416169479088
5150000000.0,-26.36225785779379,-0.9046422163656593,-0.9046406788999353,-27.285664877130866,0.00856385977245899,1.1311351057774033,0.11765155196222096,0.0269719124336667,0.11764873350317484,0.026973449899390767,0.00924910640370683,0.08653020034919123,-27.493392963571193,-0.931614128799326,-0.931614128799326,-27.372195077480058
5200000000.0,-27.51760826226863,-0.9129400161388694,-0.912935286323477,-28.850898808396366,0.008670759570753469,0.7448384278357949,0.11884497016429435,0.027046162658996398,0.1188421398167572,0.027050892474388855,0.007955073942370725,-0.7323453896115737,-28.262446690104426,-0.9399861787978658,-0.9399861787978658,-28.118553418784792
5250000000.0,-28.799041959695106,-0.9215819654045377,-0.9215740709389519,-30.816238281263896,0.01016840396346888,0.38392860825441133,0.12005068626953741,0.026801421207981346,0.12004792623308401,0.026809315673567147,0.00817498698006269,-1.8057103678010797,-29.182970567949518,-0.9483833866125191,-0.9483833866125191,-29.010527913462816
5300000000.000001,-30.111149917724838,-0.9306402778518741,-0.9306293691979733,-33.30236490740319,0.012573757255840992,0.16821380805261654,0.12126128765648304,0.026202329216705844,0.12125867749970153,0.026213237870616357,0.009834467078726797,-3.2330555439042783,-30.279363725777454,-0.9568426070685799,-0.9568426070685897,-30.06930936349891
5350000000.000001,-31.206844146138742,-0.9401744676192247,-0.940160820079347,-36.24373611097336,0.015438349080774577,0.3705398349269302,0.12246879837351247,0.02522620721974167,0.12246641174337952,0.02523985475961943,0.012346254122756993,-4.928069960767743,-31.577383981065672,-0.9654006748389664,-0.9654006748389664,-31.315666150205615
5400000000.0,-31.676907570052137,-0.9502285345227214,-0.9502125462613984,-38.178644455343616,0.01849614472122451,1.4134002769841203,0.12366498543662896,0.0238644554769335,0.12366288688613651,0.023880443738256485,0.015244707242430926,-5.422754120556725,-33.09030784703626,-0.9740929899996549,-0.9740929899996549,-32.75589033478689
5450000000.0,-31.251698547737014,-0.960828684582624,-0.960810869344253,-36.58681850307638,0.021595015858698167,3.5172372531315688,0.12484168394275154,0.022123425362463922,0.12483992594354643,0.022141240600835,0.01827658489107718,-2.250911385104942,-34.76893580086858,-0.982952109945088,-0.982952109945088,-34.33590711797144
5500000000.0,-30.135037890606814,-0.9719817060844451,-0.9719626794871277,-33.54809558729019,0.02463865249260616,6.222648381046103,0.12599112727940176,0.020024698792784346,0.12598974754209302,0.020043725390101796,0.02130208442615741,2.272717842331666,-36.357686271652916,-0.9920064048772295,-0.9920064048772295,-35.82081342962186
5550000000.000001,-28.743993049369845,-0.9836740957567931,-0.9836545545474698,-30.886970334644722,0.027558332722106414,8.458675013741544,0.1271062684695985,0.017604738069940007,0.12710528773638108,0.017624279279263355,0.024233371943697898,5.761741969374619,-37.20266806311139,-1.001278833826733,-1.001278833826733,-36.64871230401934
5600000000.000001,-27.356659618980473,-0.9958719981329883,-0.9958526925699889,-28.761114262517395,0.030300219541953218,9.324613048374921,0.1281810791498694,0.01491389726819492,0.12818049963481706,0.0149332028311846,0.027007675806413806,7.5048141800392045,-36.681272667355394,-1.0107858954011832,-1.0107858954011735,-36.2659284425566
5650000000.0,-26.087339486209938,-1.0085219855109326,-1.0085036859326808,-27.053927295027247,0.03281955867793939,9.059256890948046,0.12921081376450702,0.012014816654675409,0.12921061838957157,0.012033116232917473,0.029575775321157842,7.850706633119966,-35.146596377157984,-1.020536802165608,-1.0205368021655983,-34.90463392814721
5700000000.0,-24.966570117072926,-1.0215526682029195,-1.0215361276514916,-25.660813895753737,0.03507796188591261,8.382413849951767,0.13019222815293446,0.008980251670281936,0.13019238066401773,0.008996792221719563,0.03189688802398631,7.559317909633155,-33.348983967024694,-1.0305329198732014,-1.0305329198732112,-33.22013180538689
5750000000.0,-23.99287965551465,-1.0348770871532467,-1.0348630024622976,-24.509323770765803,0.037042123942072916,7.672498427618464,0.13112374367189736,0.005890415791293124,0.1311241896302984,0.005904500482242225,0.033936314936887084,7.087398965895808,-31.665378083133113,-1.0407675029445398,-1.0407675029445398,-31.59672273666161
5800000000.000001,-23.154982225032334,-1.048395805641667,-1.0483847795439707,-23.550332691962915,0.03868322877098277,7.0367966207557515,0.13200555018408824,0.002829940400528086,0.13200621873238055,0.0028409664982242955,0.03566433668539771,6.603708349983144,-30.191778845788086,-1.051225746042195,-1.051225746042195,-30.15404104194606
5850000000.000001,-22.440027796926362,-1.0620005855534023,-1.0619930920681067,-22.74995605229924,0.03997669066481274,6.487199702622345,0.1328396435222833,-0.00011542673733933029,0.1328404497449847,-0.00010793325204372373,0.03705569912458999,6.155617838371285,-28.927227499548707,-1.061885158816063,-1.061885158816063,-28.905573890670524
5900000000.0,-21.836363771511174,-1.0755785080414217,-1.0755748627385087,-22.084304495020504,0.04090205373798278,6.011313909138405,0.13362979529193247,-0.002862250544337419,0.1336306429506743,-0.002858605241424339,0.03808938025757295,5.750260982429509,-27.84767768064958,-1.0727162574970843,-1.0727162574970843,-27.834565477450013
5950000000.0,-21.334273037336207,-1.089016379275176,-1.0890167151858805,-21.536237652206502,0.04144295818840153,5.593454692280535,0.13438145502500976,-0.0053328256504541205,0.13438223946618502,-0.005333161561158706,0.03874848765150181,5.3830065005863155,-26.92772772961674,-1.0836835536247218,-1.0836835536247218,-26.919244152792817
6000000000.0,-20.92600954767598,-1.1022052497922306,-1.1022094990110194,-21.093341400059916,0.041587125767129966,5.219830371965081,0.13510158671454395,-0.007458442348618588,0.13510219783101007,-0.00746269156740742,0.03902021064306232,5.046598546323654,-26.145839919641062,-1.094746807443612,-1.094746807443612,-26.13993994638357
6050000000.000001,-20.60562415223729,-1.1150448707080165,-1.11505275146085,-20.746645794359324,0.04132634070679648,4.879275137361759,0.13579844365769964,-0.009182368723253731,0.13579876892334553,-0.009190249476087153,0.03889578989684685,4.733898200826843,-25.48489928959905,-1.1058625019847628,-1.1058625019847628,-25.480543995186167
6100000000.000001,-20.36876041917757,-1.1274479113560176,-1.1274589207300836,-20.489801527279575,0.04065641595427252,4.562865853638687,0.13648128736599618,-0.010462427284426479,0.13648121511776512,-0.01047343665849243,0.0383704876714019,4.438545987874225,-24.931626272816256,-1.1169854840715912,-1.1169854840715912,-24.9283475151538
6150000000.0,-20.212482505711296,-1.1392713743033263,-1.1393571840365335,-20.31872415588106,0.03957714246555272,4.263358136869492,0.1371508092947032,-0.011200663434153713,0.13715948139749806,-0.011286473167360977,0.03744196766403663,4.1547904901523545,-24.47584064258079,-1.1280707108691725,-1.1280707108691725,-24.473514646033415
6200000000.0,-20.135153796973157,-1.15060209668498,-1.1506967070851328,-20.23052147140945,0.03809222378850385,3.9746781224720635,0.13783502517023877,-0.011527061270508954,0.13784382792505087,-0.01162167167066186,0.03611716741520066,3.8780387367712272,-24.10983191944522,-1.139075035414471,-1.139075035414471,-24.108560208180677
6250000000.0,-20.136370346579152,-1.161345389994266,-1.1614492095066444,-20.22448914875081,0.03620920033631268,3.691506497355533,0.13853568949710948,-0.01138642800341283,0.13854443538124853,-0.011490247515791197,0.034401124785783894,3.6034365041235787,-23.827876843934686,-1.1499589619908532,-1.1499589619908532,-23.827925652874388
6300000000.000001,-20.216949627106825,-1.1714976800237935,-1.171610722644873,-20.30120399078652,0.03393936828446043,3.408938629758012,0.13926250303473564,-0.010809377732406977,0.1392709961824275,-0.010922420353486562,0.03230488249405873,3.3264583923785764,-23.625888256864837,-1.1606883022913865,-1.1606883022913865,-23.627662383165095
6350000000.000001,-20.379097939951315,-1.1810805969817861,-1.1810891679507174,-20.462768192745994,0.031294972257560255,3.1220724960248987,0.14002426051197836,-0.009844930985367872,0.14002446295023632,-0.009853501954299126,0.029843454706305266,3.0424416674762433,-23.501170435976213,-1.1712356659964183,-1.1712356659964183,-23.505209860222237
6400000000.0,-20.62599510352201,-1.1901408592293778,-1.1901502729608358,-20.712936029423577,0.02830022726444733,2.8262644455354007,0.14082845842880115,-0.008559134691913162,0.1408286606513512,-0.00856854842337107,0.027035981093915223,2.746317831937379,-23.45225954905741,-1.1815817245374647,-1.1815817245374647,-23.459253861360956
6450000000.0,-20.962793144401797,-1.1987491671728483,-1.1987594394980443,-21.057355245011102,0.024974299746169694,2.5160409639069314,0.14168093764989428,-0.007032972942984106,0.1416811181569102,-0.007043245268181453,0.023906106666859998,2.432298761404688,-23.478834108308728,-1.1917161942298642,-1.1917161942298629,-23.48965400641579
6500000000.0,-21.396277586558078,-1.2069981129640097,-1.207009213384367,-21.503950911501974,0.02134269403866651,2.18540870604793,0.14258557848442832,-0.0053596185762592174,0.1425857148229811,-0.005370718996606572,0.020482899312053906,2.0934839411793718,-23.58168629260601,-1.2016384943877505,-1.2016384943877605,-23.597434852681346
6550000000.000001,-21.9353270388521,-1.2149991484646596,-1.2150109971439897,-22.063495036175954,0.017434268365432576,1.8274231125926619,0.1435440651892131,-0.003641101258363033,0.1435441354432642,-0.003652949937694272,0.016803237396200075,1.7213453016802838,-23.762750151444763,-1.2113580472062966,-1.2113580472062955,-23.784840337856238
6600000000.000001,-22.591245617091804,-1.2228786923959305,-1.222891161117246,-22.75041822147307,0.01328115268428311,1.4339413327558717,0.14455573491286314,-0.001984493595773129,0.1445557193034894,-0.0019969623170985606,0.012919030527391344,1.3050388364096328,-24.025186949847676,-1.2208941988001574,-1.2208941988001474,-24.055457057882702
6650000000.0,-23.37797075919272,-1.2307734965877466,-1.2307864140266553,-23.58390973699052,0.008918711419430944,0.9955601866801338,0.14561752295657554,-0.0004977421008134364,0.14561740538199291,-0.0005106595397232905,0.00892518975038433,0.8305082329233926,-24.373530945872854,-1.2302757544869332,-1.230275754486932,-24.414417969913913
6700000000.0,-24.3116918125502,-1.2388254292047187,-1.2388385903225076,-24.589238361777106,0.004386075484534038,0.5022075341900418,0.1467240119536088,0.0007147066172732419,0.14672378130100855,0.0007015454994954151,0.00512288062126509,0.2794660430001237,-24.813899346740243,-1.239540135821992,-1.239540135822003,-24.86870440477723
6750000000.0,-25.408510017891018,-1.2471758677031772,-1.247189046542946,-25.798699069735527,0.00033844298161258825,-0.05424613654112065,0.14786758739359837,0.0015563139051921748,0.1478672384833197,0.0015431350654135922,0.0033439781035433367,-0.3711301099831097,-25.354263881349898,-1.2487321816083694,-1.2487321816083596,-25.427568959752417
6800000000.000001,-26.676203909181293,-1.255959923670712,-1.2559728884451757,-27.2494528451685,0.005039533977956977,-0.6714472209368729,0.14903869620094154,0.0019427059734191676,0.14903823026939544,0.0019297411989553925,0.006137278695732521,-1.1463548707880094,-26.00475668824442,-1.2579026296441311,-1.2579026296441311,-26.10309797438049
6850000000.000001,-28.08940039146604,-1.2653007429818013,-1.2653132721128504,-28.96709910971729,0.009833039007819256,-1.3114923649418522,0.15022619925725317,0.001805586818190097,0.15022562394078384,0.0017930576871409976,0.010361354379799266,-2.0562023864826457,-26.777908026524187,-1.2671063297999914,-1.2671063297999914,-26.910896723234643
6900000000.0,-29.524968622077115,-1.2753041353502559,-1.2753160330734883,-30.892871419892604,0.014622997842701154,-1.8364697315587222,0.1514178033102707,0.0010961162069231811,0.15141713214773805,0.0010842184836907798,0.014840655683248436,-3.0221330724530624,-27.688498890518392,-1.276400251557179,-1.276400251557179,-27.87073834743954
6950000000.0,-30.6494626312997,-1.2860537852299125,-1.2860648955032494,-32.64379353399938,0.019360609413476226,-1.8973539969547346,0.1526005530788982,-0.00021242546411115448,0.15259980459686331,-0.000223535737448044,0.019353718818660236,-3.637269081488224,-28.752108634344964,-1.2858413597658014,-1.2858413597658014,-29.006524452511155
7000000000.0,-30.94532946709187,-1.2976072797903555,-1.297617497497604,-33.24260385279614,0.023997191290977073,-0.9655758030713208,0.1537613609102462,-0.0021228392989320888,0.1537605573880852,-0.0021330570061908194,0.02380771463559642,-2.8993561856276884,-29.97975366402055,-1.2954844404914234,-1.2954844404914132,-30.34324766716845
7050000000.000001,-30.21040344803955,-1.3099931590976142,-1.3100024378527868,-32.13438052611071,0.02848429908352294,1.1511107808288372,0.15488754931694917,-0.004613195275572357,0.15488671534474774,-0.004622474030743895,0.02813856754347494,-0.2412311962361926,-31.361514228868387,-1.3053799638220418,-1.305379963822043,-31.893149329874518
7100000000.000001,-28.844413917022372,-1.3232091496847538,-1.3232175058741786,-30.19293503015822,0.032774332483417906,3.9778924298591107,0.155967381233624,-0.007637077753622323,0.1559665421771952,-0.007645433943047175,0.03229208856189697,3.4135901872080474,-32.82230634688148,-1.3155720719311315,-1.3155720719311315,-33.60652521736627
7150000000.0,-27.325810954035703,-1.337221687712671,-1.337229200700143,-28.242235127826916,0.03682121824164069,6.803771996614344,0.15699055384838687,-0.01112490951881595,0.1569897343265754,-0.011132422506287876,0.03621917264814464,6.989858194511022,-34.12958295065005,-1.326096778193855,-1.326096778193855,-35.23209332233794
7200000000.0,-25.895004460623703,-1.3519667753441071,-1.3519735840007128,-26.534603754152624,0.04058109922821906,8.935246751593873,0.15794863423348926,-0.014986318748925864,0.15794785669661077,-0.014993127405531492,0.03987453041462181,9.598080331470296,-34.830251212217576,-1.3369804565951813,-1.3369804565951813,-36.13268408562292
7250000000.000001,-24.626579815396287,-1.3673521480417592,-1.3673584439409936,-25.09047428696718,0.04401299371986598,9.916293193162215,0.1588354184543554,-0.0191134578922747,0.15883470193518046,-0.019119753791520644,0.04321652248880309,10.604918118623146,-34.5428730085585,-1.3482386901494845,-1.348238690149473,-35.695392405590326
7300000000.000001,-23.528554770604163,-1.3832606658463298,-1.383266683600428,-23.87744552879174,0.04707939684434794,9.914879356429243,0.1596472000455027,-0.023385132925410224,0.15964655913773546,-0.023391150679508366,0.04620736622307112,10.372158117029024,-33.443434127033406,-1.3598755329209196,-1.3598755329209196,-34.24960364582076
7350000000.000001,-22.588384532557427,-1.3995547826902066,-1.3995607880278385,-22.859127180298493,0.04974680100449447,9.432884200127425,0.16038293834253975,-0.027671559585287664,0.1603823824451585,-0.027677564922919506,0.04881344740195732,9.67216431191465,-32.02126873268485,-1.371883223104919,-1.371883223104919,-32.53129149221314
7400000000.0,-21.789486806868656,-1.4160818982129166,-1.416088174501906,-22.005281739651753,0.05198611770786866,8.816972856251137,0.16104432179206593,-0.03183953288586272,0.16104385464012894,-0.031845809174852135,0.05100562318156298,8.91530711535598,-30.606459663119793,-1.384242365327054,-1.384242365327054,-30.920588855007733
7450000000.0,-21.11646895632886,-1.432680359048564,-1.4326871930489424,-21.292542678871953,0.053772989958805556,8.211003885215348,0.16163572572444931,-0.03575777921348333,0.16163534520718228,-0.03576461321387314,0.052759463657466206,8.22557371312939,-29.327472841544207,-1.3969225798350806,-1.3969225798350693,-29.518116392001343
7500000000.000001,-20.556454640352925,-1.4491858525699928,-1.4491935202171313,-20.70323035217571,0.05508799190737937,7.6579243318861785,0.16216406793992225,-0.0393022568766197,0.16216376618248615,-0.039309924523758255,0.0540554089465516,7.622327302826946,-28.214378972239103,-1.409883595693373,-1.409883595693373,-28.325557655002655
7550000000.000001,-20.099150174054333,-1.4654379257760857,-1.4654466787049325,-20.224070134897833,0.055916720245313814,7.163218984083809,0.16263856870404486,-0.04236118024349311,0.16263833236573597,-0.042369933172339946,0.05487883579697605,7.096188474251846,-27.262369158138142,-1.4230767455325926,-1.4230767455325926,-27.32025860914968
7600000000.000001,-19.73656028328266,-1.481286364376673,-1.4812964176800474,-19.845175473193763,0.05624978928764842,6.7206080668030275,0.16307042436004454,-0.04483956249353116,0.16307023508343108,-0.044849615796905606,0.05522003913661285,6.632452199711636,-26.457168350085688,-1.4364468018831418,-1.4364468018831418,-26.4776276729054
7650000000.0,-19.462657340039183,-1.4965971804142995,-1.496608701790429,-19.559309479702275,0.0560827482188829,6.32112379765918,0.16347240582485645,-0.046663099912625405,0.16347224076592407,-0.04667462128875499,0.05507414195336047,6.217372342087195,-25.783781137698362,-1.449934080501674,-1.449934080501674,-25.77668182178947
7700000000.0,-19.27309749671196,-1.5112579786634392,-1.511271078733433,-19.36136995038339,0.05541594416135635,5.9560272162238235,0.1638583948981513,-0.04778125362147123,0.16385822728580354,-0.047794353691485325,0.05444095223014794,5.839383996264349,-25.229124712935782,-1.463476725041968,-1.4634767250419476,-25.20075394664774
7750000000.000001,-19.165005068788673,-1.5251825003113053,-1.5251972235909808,-19.2480429477529,0.05425435829868341,5.617560859699637,0.164242872765392,-0.04816941996105273,0.16424267248009833,-0.04818414324072817,0.05332478856633878,5.488932672132119,-24.78256592848831,-1.4770130803502526,-1.4770130803502526,-24.73697561988502
7800000000.000001,-19.136823459709717,-1.5383141749880815,-1.5383304909302207,-19.21758400947681,0.052607444325022124,5.298973697710068,0.16464037648913354,-0.04783011623750766,0.1646401107126849,-0.04784643217964679,0.051734296699787484,5.157993319304666,-24.435797157419785,-1.4904840587505739,-1.4904840587505739,-24.375577328781475
7850000000.000001,-19.188224966000536,-1.5506285476034134,-1.5506463414154912,-19.269699865299913,0.05048899957000888,4.994326434599817,0.16506494076519362,-0.0467931427323105,0.16506457481914721,-0.046810936544409154,0.04968227757488406,4.839580260159323,-24.182551400600353,-1.503835404871103,-1.503835404871082,-24.109280125459236
7900000000.0,-19.32007118922448,-1.5621344837369593,-1.5621535473781536,-19.40551467899221,0.047917100730618084,4.698252867168847,0.1655295437711299,-0.045114714142328705,0.16552904230747154,-0.04513377778350125,0.047185544242700585,4.527312220362436,-24.018324056393325,-1.5170197695946306,-1.5170197695946523,-23.932826899354644
7950000000.0,-19.534415694752767,-1.5728740962442873,-1.5728941210461513,-19.62761333807746,0.04491414139702235,4.405734828471807,0.16604557742732567,-0.0428755840490469,0.16604490613388548,-0.04289560885089028,0.04426482041695762,4.215026517053687,-23.940150523224574,-1.5299985121952404,-1.529998512195261,-23.842639855131146
8000000000.0,-19.834538007608316,-1.5829213763759264,-1.5829419498974318,-19.940160374886375,0.041507024382952215,4.111909620999462,0.16662236356093907,-0.040178215229365044,0.1666214914746577,-0.040198788750880565,0.04094468919365593,3.8964176935418564,-23.94644762860778,-1.5427431611465614,-1.5427431611465512,-23.83657806842823
8050000000.000001,-20.22498910298765,-1.5923795553301459,-1.5924001660278073,-20.3490957609593,0.037727604195632584,3.8119239399823783,0.16726673795531513,-0.03714307742441725,0.16726564032893126,-0.03716368812207871,0.037253598697464,3.5646733773249935,-24.036913042970028,-1.5552364779057286,-1.5552364779057286,-23.913769138284295
8100000000.0,-20.711605289240165,-1.601377266944633,-1.6013973205581278,-20.862404042144853,0.033613584075590515,3.5008662570624445,0.1679827236819809,-0.0339041833266962,0.16798138513981414,-0.033924236940138686,0.033223937631471086,3.2120860175826067,-24.21247154630261,-1.5674730836179367,-1.567473083617989,-24.07449005972746
8150000000.0,-21.301391831747843,-1.6100636288172958,-1.610082479626681,-21.490428974984507,0.02921036097402335,3.173860121600626,0.16877131309533394,-0.030604003228043686,0.1687697305854843,-0.030622854037428926,0.028892222085275334,2.8296404677540714,-24.47525195334847,-1.5794596255892521,-1.5794596255892521,-24.32006944273858
8200000000.000001,-22.00204831582142,-1.6186024065295554,-1.618619404490308,-22.24612780707606,0.024575138805029425,2.8265193281381897,0.1696303742062146,-0.02738792854445471,0.16962855907505864,-0.027404926505238736,0.024299530278734136,2.4066437560097533,-24.82856764395961,-1.5912144779851007,-1.5912144779850692,-24.652771563085814
8250000000.0,-22.820609236448597,-1.6271654718210515,-1.6271800230271758,-23.144931021385226,0.019787302828421928,2.4562391073877023,0.17055469181905522,-0.024398482814877998,0.17055267028656154,-0.024413034021033564,0.019492655174378513,1.9306636819510778,-25.2768483438363,-1.6027669890061735,-1.6027669890061422,-25.075594703336304
8300000000.000001,-23.7599972380414,-1.63592580758,-1.6359374410619312,-24.20321861703444,0.01497921045613899,2.0654164937514956,0.1715361470614444,-0.021769503354647446,0.17153395853838718,-0.021781136836588777,0.014527844491713227,1.3886377448023701,-25.825413731792896,-1.6141563042253526,-1.6141563042253424,-25.59185636183681
8350000000.0,-24.810854463482013,-1.6450503466292918,-1.6450587764127702,-25.432561486662703,0.010447999141191202,1.6689987109491788,0.17256403124531364,-0.019620534310069715,0.17256172433491535,-0.019628964093485024,0.009487149038271006,0.7717540161931034,-26.47985317443119,-1.6254298123192221,-1.6254298123192852,-26.204315502855806
8400000000.0,-25.9336167178689,-1.654692953596029,-1.6546981230253484,-26.82181434131727,0.007116148456374879,1.310883591082284,0.17362548207273817,-0.018051679067137005,0.17362310867645123,-0.018056848496424527,0.004604709311848628,0.09152628723472489,-27.244500308951185,-1.636641274528892,-1.6366412745289238,-26.913340628551996
8450000000.000001,-27.025210932319958,-1.664987866535791,-1.664989963718644,-28.288105287194686,0.007165611970451685,1.0936976192139802,0.17470602282644704,-0.017139154249976585,0.17470363135072245,-0.017141251432853055,0.002635902529665845,-0.5749161279081427,-28.118908551533938,-1.6478487122858143,-1.647848712285791,-27.713189159286543
8500000000.0,-27.882074907754536,-1.676043905879459,-1.6760433451084575,-29.575212947420127,0.010555453392447896,1.2080398839337576,0.1757901790806767,-0.01693176792703044,0.1757878080773446,-0.016931207156092087,0.0068761752437143525,-0.9904175379276339,-29.090114791688293,-1.6591121379524285,-1.6591121379523655,-28.584795409492493
8550000000.000001,-28.23341186014778,-1.6879397328529386,-1.6879371053223504,-30.196861806366964,0.015117015742123985,1.883527065073146,0.17686214312062098,-0.017448511824204482,0.17685981660902342,-0.017445884293635805,0.011829384575062774,-0.7137740642175316,-30.116938925220925,-1.6704912210287342,-1.6704912210287146,-29.483087742149433
8600000000.000002,-27.928958130321924,-1.7007203988224067,-1.700716403610846,-29.788403377809285,0.019947732303142444,3.1744450110331712,0.1779064538585053,-0.018677412859865017,0.17790417907648065,-0.018673417648389812,0.016744495418819845,0.5310180757109961,-31.103403141355095,-1.6820429859625416,-1.6820429859624562,-30.31942145352028
8650000000.0,-27.094528794202052,-1.7143953720230578,-1.7143907420441145,-28.592150073422594,0.024750171026198982,4.778890156357473,0.1789086595563892,-0.020575734519071576,0.17890642719036565,-0.020571104540075158,0.021494174950668812,2.359768988872112,-31.873418950559525,-1.6938196375039862,-1.6938196375040393,-30.951919062294706
8700000000.000002,-25.99980500624072,-1.7289381597440923,-1.7289335960645023,-27.11890443133441,0.029385710897660882,6.202145659596098,0.1798559319990688,-0.02307155459621102,0.17985371835957376,-0.023066990916652763,0.02600733128929105,4.0992766456728695,-32.20195066583682,-1.7058666051478812,-1.7058666051478495,-31.21818107700728
8750000000.0,-24.859080226410914,-1.744287564325291,-1.7442836874083965,-25.682789783328303,0.033766829062303896,7.0980519021969,0.18073760379924197,-0.026066674748029373,0.1807353741519038,-0.02606279783102905,0.03022718077128028,5.345741663773801,-31.957132128607814,-1.7182208895772617,-1.7182208895773674,-31.028531447102104
8800000000.0,-23.78436573796936,-1.7603505248482463,-1.7603478457505002,-24.397068555260375,0.03782780124412925,7.439567039721041,0.1815456051040758,-0.029440743452108897,0.18154331744432065,-0.029438064354426308,0.03410418804907747,6.041225067472027,-31.2239327776904,-1.7309097813961374,-1.7309097813960739,-30.438293622732402
8850000000.000002,-22.820040940932635,-1.7770064101677492,-1.7770053208561565,-23.283951574306563,0.04151521513055761,7.401432714789927,0.1822747817975328,-0.033056403908868326,0.1822723906110277,-0.03305531459731803,0.03759458670343647,6.317796327800849,-30.221473655722562,-1.7439500062588809,-1.7439500062588384,-29.601747902107412
8900000000.0,-21.97767244614316,-1.7941125508833173,-1.7941133313870348,-22.335096123316355,0.044784508073925,7.166599313820839,0.1829230838688404,-0.036765219391899695,0.1829205436481048,-0.03676599989561713,0.04066018695942756,6.336950257056486,-29.144271759964,-1.7573473314914176,-1.7573473314914176,-28.67204638037284
8950000000.000002,-21.255282970422684,-1.8115107347695467,-1.8115135749978617,-21.534659301091786,0.04759859432365412,6.850566873766322,0.18349161935330352,-0.040414086431194374,0.1834888877160283,-0.040416926659509356,0.04326849176495544,6.2170888629174215,-28.105849844189006,-1.7710966483383523,-1.7710966483383523,-27.751748164009207
9000000000.0,-20.646226339998496,-1.8290343464443364,-1.8290393807083927,-20.866927396765487,0.04992726216660828,6.5112614454228215,0.18398457558854164,-0.04385182433056345,0.18398161575727912,-0.04385685859461974,0.04539283565047249,6.028575298815813,-27.157487785421317,-1.785182522113773,-1.785182522113773,-26.8955026955813
9050000000.0,-20.142954744761422,-1.8465158091715281,-1.8465231604932595,-20.318471796673244,0.05174684678974756,6.173781847989844,0.1844090150601739,-0.04693562827850717,0.1844057972987267,-0.04694297960023852,0.04701245680027241,5.809137874145549,-26.316736592751266,-1.799580180893021,-1.799580180893021,-26.127609670818792
9100000000.000002,-19.738514079789237,-1.8637939838188664,-1.8638038126230945,-19.87848511612674,0.053039985940188626,5.847105196548462,0.1847745576171125,-0.04953709077076529,0.18477105910383865,-0.04954691957499335,0.048112483442237904,5.577777996238613,-25.5856192763377,-1.8142568930481011,-1.8142568930481011,-25.456263112365352
9150000000.0,-19.427071061291272,-1.8807211944891724,-1.8807337429371511,-19.53857138131147,0.05379538882925766,5.532784207867639,0.18509296429543873,-0.05154752857730727,0.18508916696887848,-0.051560077025168294,0.04868384634430958,5.343421152734795,-24.95985526915891,-1.8291736659118651,-1.8291736659119828,-24.881992534046265
9200000000.000002,-19.204043058039165,-1.8971695786249074,-1.8971851992318125,-19.292422998394706,0.054007602687838,5.229065711837176,0.1853776405349295,-0.0528823956284592,0.18537352673040644,-0.05289801623531032,0.04872314341538382,5.1096704328479134,-24.43310876987634,-1.8442871829964482,-1.8442871829965022,-24.40209343124262
9250000000.0,-19.066076217705785,-1.9129614791112812,-1.9130556548235487,-19.13537991107996,0.0536767841027865,4.932752914862412,0.18563842981549783,-0.05340959298554582,0.1856386246134938,-0.05350376869781326,0.04823385795112794,4.87744288484992,-23.998829132568197,-1.8595518861257354,-1.8595518861257354,-24.01282279592988
9300000000.0,-19.011012614905148,-1.9281727881022124,-1.9281812040665547,-19.06471460127356,0.05280757726504873,4.639970630112963,0.18590003427071522,-0.05325068611554795,0.18589937818374774,-0.05325910207979345,0.047221329560696836,4.645732200630274,-23.65098324501811,-1.8749221019866644,-1.8749221019867612,-23.710446801903835
9350000000.000002,-19.037656717898038,-1.9426916355332997,-1.9427011793401097,-19.07875968541373,0.05141255535720539,4.346631633764375,0.18617229749160547,-0.05233752538991743,0.18617157375462698,-0.052347069196673424,0.04569899926519352,4.4129598075949374,-23.384288351662413,-1.8903541101433823,-1.8903541101434362,-23.491719493008667
9400000000.0,-19.14594389512811,-1.9565115572123146,-1.9565223827413214,-19.177187176323216,0.04950667548032872,4.04827678695732,0.1864692621120808,-0.05070350574277027,0.18646844188395073,-0.05071433127177705,0.04368485927340482,4.176897133115325,-23.19422068208543,-1.9058080514695444,-1.9058080514695444,-23.35408430943854
9450000000.000002,-19.336690341404104,-1.9696596989469488,-1.9696719011400186,-19.360832969457643,0.04711073984167098,3.7402297646680758,0.18680364443035283,-0.04841011686184049,0.1868026931354271,-0.048422319054910234,0.0412022419982855,3.9349081357028233,-23.07692010607218,-1.9212495820851083,-1.9212495820851083,-23.295741105160467
9500000000.0,-19.611529732362317,-1.9821952666131917,-1.9822088513757148,-19.631615652231716,0.04425041826247087,3.417508648454259,0.18718631941466052,-0.045544078716462266,0.18718519902117722,-0.04555766347898538,0.03828004377530118,3.6840292780060686,-23.029038380816576,-1.9366511878967294,-1.9366511878967294,-23.315644930237784
9550000000.0,-19.972730130962578,-1.9942065869417878,-1.9942214650884202,-19.992423652487037,0.040956165004747774,3.0748130717358997,0.18762588645212647,-0.04221349852694667,0.1876245583593331,-0.042228376673557166,0.034953191625991975,3.4210384110812626,-23.047543202698478,-1.951993088414841,-1.951993088414863,-23.4134620635683
9600000000.000002,-20.422843068361047,-2.0058069137452343,-2.0058229259622706,-20.446894188010752,0.03726313913458503,2.706628479495656,0.18812833605431986,-0.0385432385633826,0.18812676300775072,-0.038559250780418886,0.031263584517400834,3.142589345615864,-23.129471547856703,-1.9672636751818517,-1.9672636751818517,-23.589483533626616
9650000000.0,-20.964007873821156,-2.0171291638026485,-2.0171461254243765,-20.998932666693342,0.03321114829022789,2.3076066264157262,0.18869683354854216,-0.03466971430083321,0.18869497927430703,-0.03468667592256125,0.02726208901104655,2.845542307265145,-23.271614500236883,-1.9824594495018153,-1.9824594495018153,-23.844474973958487
9700000000.000002,-21.59657522052358,-2.028319806864274,-2.0283375457172204,-21.651667053537764,0.02884470304818125,1.8735333620496384,0.18933163045000384,-0.03073536115071196,0.189329457085967,-0.030753100003658496,0.023013147556171582,2.527748295270605,-23.470108582573218,-1.9975844457135619,-1.9975844457135619,-24.17941534880837
9750000000.0,-22.316431715729,-2.0395321669872897,-2.039550527827652,-22.405224182938184,0.024213455882128358,1.403474503632392,0.19003010808412787,-0.026883017486048377,0.19002757314342336,-0.026901378326410708,0.018606649706749474,2.189812281806013,-23.71990621936139,-2.0126491495012413,-2.0126491495012413,-24.595036464744197
9800000000.0,-23.109983303492246,-2.05091942262836,-2.0509382301185655,-23.252148044526276,0.019373905814291614,0.9041222440859897,0.19078695121533937,-0.023250477482054333,0.19078400642314094,-0.02326928497233638,0.014193051807880237,1.8388599664966847,-24.014105547578236,-2.0276689451463055,-2.027668945146229,-25.09100801102296
9850000000.000002,-23.945428776122,-2.0626276232071747,-2.0626466192059576,-24.168454778094866,0.014395744128658622,0.3977200337153839,0.19159444168568218,-0.019965472669550177,0.19159103501729458,-0.019984468668397426,0.010105270941098612,1.496050085798128,-24.343148809837384,-2.0426621505376246,-2.04266215053756,-25.664504863892994
9900000000.0,-24.75998619894184,-2.074789064067085,-2.074807847293505,-25.098094642980687,0.00939059109066413,-0.06601819257867803,0.19244285331523756,-0.01714134062618733,0.19243893370554546,-0.017160123852607345,0.007288410757473463,1.2096464951677355,-24.69396800636316,-2.0576477234408976,-2.0576477234408976,-26.307741138148423
9950000000.000002,-25.44868005805723,-2.0875163662891607,-2.087534356816552,-25.933037942653733,0.004725729023388376,-0.3993922421036089,0.193320920348848,-0.014873620125525289,0.1933164432369664,-0.014891610652916665,0.007564284263061707,1.0708822093742967,-25.049287815953623,-2.0726427461636354,-2.0726427461636354,-27.00392015202803
10000000000.0,-25.874147542208057,-2.1008975813500292,-2.100914016725898,-26.509097120508756,0.003405148236392778,-0.4866583473339574,0.1942163441717264,-0.013237763966827742,0.19421127606713448,-0.013254199342696449,0.010720293393881987,1.2121203415993236,-25.3874891948741,-2.0876598173832015,-2.0876598173832015,-27.72121746210808
