frequency_hz,s11_real,s11_imag,s11_db,s11_phase_deg,s21_real,s21_imag,s21_db,s21_phase_deg,s12_real,s12_imag,s12_db,s12_phase_deg,s22_real,s22_imag,s22_db,s22_phase_deg
1000000000.0,-0.02740027480438846,0.019534768755446113,-29.46006946905292,144.513386554487,-0.3806143849773414,-0.9014310836956516,-0.18886024467706775,-112.891099168122,-0.3806143849773414,-0.9014310836956516,-0.18886024467706775,-112.891099168122,-0.02793851495991317,0.018309320098589064,-29.524168265292076,146.761436823046
1050000000.0,-0.026051154805364966,0.022049941743774077,-29.337252992085343,139.755110645933,-0.4669049103403328,-0.8587134123879381,-0.19819799736506963,-118.534080505776,-0.4669049103403161,-0.8587134123879436,-0.19819799736509727,-118.534080505775,-0.026746044072889035,0.02080999578015538,-29.399042453901124,142.114984212641
1100000000.0,-0.024357856446927374,0.024347350784179315,-29.258791844110217,135.012358640099,-0.5484961205662902,-0.8077695351504615,-0.20752359420171645,-124.177505012996,-0.5484961205662879,-0.8077695351504581,-0.207523594201752,-124.177505012996,-0.025215153850004626,0.023115543145534618,-29.317650254458407,137.487513044502
1150000000.0,-0.022358710968002106,0.026369923145087057,-29.22528602197071,130.294173076267,-0.6246102193451998,-0.749108379069766,-0.21681914468940483,-129.821512102992,-0.6246102193451967,-0.7491083790697622,-0.21681914468944835,-129.821512102992,-0.023380474876723786,0.025170116107817414,-29.28051252523236,132.88895493957
1200000000.0,-0.020101452194683806,0.028067600706160177,-29.23775269210413,125.60947810732802,-0.6945234573998121,-0.6833111150433735,-0.22607081389945588,-135.466242993344,-0.6945234573998086,-0.6833111150433699,-0.22607081389950043,-135.466242993344,-0.0212858441465306,0.026924187306415756,-29.28855069688558,128.329348650604
1250000000.0,-0.017641933744848782,0.02939884609039118,-29.297662912642785,120.96751963443299,-0.7575726242232953,-0.6110256426040983,-0.23526850677773048,-141.111838631933,-0.7575726242232805,-0.6110256426041085,-0.23526850677777605,-141.111838631932,-0.018983168876601876,0.028336029899408716,-29.343115232260025,123.81933428340702
1300000000.0,-0.015042615849611822,0.030331913637744703,-29.406997084982272,116.37835922120499,-0.8131610285542128,-0.5329605206970082,-0.2444055295643091,-146.758437805204,-0.8131610285542095,-0.532960520697006,-0.2444055295643458,-146.758437805204,-0.01653106088221708,0.029372997380971086,-29.446029557399477,119.37071727416199
1350000000.0,-0.012370865251563298,0.030845853546003853,-29.56832318471249,111.853470375527,-0.8607639220196939,-0.4498783795023376,-0.25347824072378355,-152.406175455867,-0.8607639220196912,-0.4498783795023362,-0.25347824072381037,-152.406175455867,-0.013993277134944634,0.03001256880353493,-29.59965187824047,114.997156142383
1400000000.0,-0.009697114778682873,0.030931225690513636,-29.784903686060247,107.406504094682,-0.8999333198011751,-0.36258885317804107,-0.2624857016282799,-158.055181220697,-0.8999333198011732,-0.3625888531780403,-0.26248570162829876,-158.055181220697,-0.011437005835362944,0.03024313307962032,-29.80695818741396,110.715048235247
1450000000.0,-0.0070929307442986166,0.03059050765027152,-30.06083962946777,103.054322419824,-0.9303021726922696,-0.2719410790111048,-0.27142933496843946,-163.705578185404,-0.9303021726922686,-0.27194107901110454,-0.2714293349684494,-163.705578185404,-0.008931039903093251,0.030064492411817172,-30.07165064949357,106.544721775829
1500000000.0,-0.004629036541632943,0.029838189000254506,-30.401263704982554,98.8184533436069,-0.9515878466871964,-0.17881581454458761,-0.28031259658569196,-169.357481843109,-0.9515878466871954,-0.17881581454458745,-0.28031259658570096,-169.357481843109,-0.006543881380979326,0.029488071141307873,-30.39829611153469,102.512099238124
1550000000.0,-0.0023733399996443507,0.02870055078094669,-30.812598689776895,94.7272150062547,-0.9635948693013535,-0.08411723041787318,-0.2891406642204243,-175.010999236185,-0.9635948693013535,-0.08411723041787318,-0.2891406642204243,-175.010999236185,-0.004341821061371285,0.028536822284013053,-30.792498858783965,98.651091906087
1600000000.0,-0.00038901057539082447,0.027215135151172555,-31.302902851094892,90.8189246991845,-0.9662169061180197,0.01123555740517865,-0.2979201446508518,179.33377174196,-0.9662169061180197,0.01123555740517865,-0.2979201446508518,179.33377174196,-0.0023870378762021163,0.027244829692368158,-31.26110772279302,95.00714617354741
1650000000.0,0.0012673494165096587,0.02542991561317319,-31.882328327646576,87.1469136663661,-0.9594379364374943,0.10631714690242632,-0.30665879894690384,173.676742908362,-0.9594379364374943,0.10631714690242632,-0.30665879894690384,173.676742908362,-0.0007357624353497824,0.025656609175890372,-31.812444708935317,91.64263841190481
1700000000.0,0.0025473973489087407,0.023402183014028792,-32.5637156282233,83.78764331146891,-0.9433326031959098,0.20020462686804108,-0.31536528415769316,168.017836235311,-0.9433326031959064,0.2002046268680574,-0.31536528415769316,168.01783623531,0.0005634513104647059,0.023826117141982354,-32.45650643206716,88.6452947531033
1750000000.0,0.003412566407252873,0.021197166993327302,-33.36331579116355,80.8543337946213,-0.9180657193306571,0.2919863935191126,-0.32404890874996756,162.356984193115,-0.9180657193306571,0.2919863935191126,-0.32404890874996756,162.356984193115,0.0014713028948777826,0.021815480538005454,-33.20499493864641,86.1416398822664
1800000000.0,0.003835367030539133,0.01888641692070574,-34.30150167413889,78.5207368853179,-0.8838909203282618,0.38077092578143606,-0.33271939855537813,156.694129998449,-0.8838909203282618,0.38077092578143606,-0.33271939855537813,156.694129998449,0.0019591280472533923,0.019693467269505886,-34.07078765246614,84.318844037774
1850000000.0,0.0038004373428840855,0.016545970905507426,-35.40287221776179,77.0641280195695,-0.8411484606690645,0.46569543583206013,-0.3413866698786141,151.029227768112,-0.8411484606690645,0.46569543583206013,-0.3413866698786141,151.029227768112,0.0020100457805738913,0.017533722013890647,-35.06581418336989,83.4602265518313
1900000000.0,0.003305308386666722,0.01425434637989002,-36.693600987774495,76.9449331820906,-0.790262160201818,0.5459343098850629,-0.3500606067543604,145.362242570298,-0.790262160201818,0.5459343098850629,-0.3500606067543604,145.362242570298,0.0016198299487158838,0.015412798579181056,-36.1946639782687,84.0004429047576
1950000000.0,0.0023608525897386807,0.012090391190809326,-38.188679114889055,78.9510624991546,-0.7317355151087168,0.6207072533776663,-0.35875084007859465,139.693150358529,-0.731735515108716,0.6207072533776657,-0.3587508400786037,139.693150358529,0.0007974677629475003,0.013408026733572784,-37.4373665951588,86.5962349165376
2000000000.0,0.0009913873668264204,0.01013104010348018,-39.84552964826336,84.4110342718944,-0.6661469970610102,0.6892870546587495,-0.3674665274179395,134.021937767948,-0.6661469970610102,0.6892870546587495,-0.3674665274179395,134.021937767948,-0.00043462870956721927,0.011595258706012775,-38.70829359484774,92.146630666638
2049999999.9999998,-0.0007655895365965782,0.008449027993338685,-41.42835213603245,95.1775877088914,-0.5941445734350354,0.7510068820628177,-0.3762161336355587,128.348601750286,-0.5941445734350348,0.751006882062817,-0.3762161336355668,128.348601750286,-0.002040787009401659,0.010046548150658408,-39.78405790767283,101.482440013669
2100000000.0,-0.0028600500214737293,0.007110617499207381,-42.31060384478497,111.911098778599,-0.5164394910622533,0.8052670309855312,-0.38500721396585497,122.67314902289301,-0.5164394910622533,0.8052670309855312,-0.38500721396585497,122.67314902289301,-0.003972636779517318,0.008827821950534455,-40.282034800707976,114.228376279573
2150000000.0,-0.005230479739488874,0.006173405079874814,-41.83965297040312,130.27327519412,-0.43379937588813006,0.8515410404259209,-0.39384620271304227,116.995595309018,-0.4337993758881305,0.8515410404259218,-0.3938462027130332,116.995595309018,-0.006170083374428823,0.007996612329774801,-39.91332826025608,127.653316574237
2200000000.0,-0.00780531476380302,0.005684274667553659,-40.30426069280818,143.935760857907,-0.3470407110107577,0.8893811026212839,-0.40273821222700523,111.3159643511,-0.3470407110107577,0.8893811026212839,-0.40273821222700523,111.3159643511,-0.008562694433555881,0.007599922737540536,-38.82468333094633,138.408955844307
2250000000.0,-0.010504756792925651,0.005677571744915784,-38.459269635454596,151.60983052818,-0.25702076567459675,0.9184226950742463,-0.41168684811309003,105.63428668607,-0.25702076567459675,0.9184226950742463,-0.41168684811309003,105.63428668607,-0.011071487830545509,0.007672305149699256,-37.41261914497383,145.278865524407
2300000000.0,-0.01324293850958506,0.006173571937597083,-36.70625695561685,155.006083315482,-0.1646290576297639,0.9383883716306001,-0.4206940476553983,99.95059818119,-0.16462905762976573,0.9383883716306007,-0.4206940476553892,99.9505981811901,-0.013611094039087702,0.008234228053697938,-35.96768957936922,148.827552807045
2350000000.0,-0.015930394989543555,0.007177316386589297,-35.15285493484781,155.746422071749,-0.07077844047341879,0.9490906584182767,-0.42975994908897913,94.26493834046,-0.07077844047341879,0.9490906584182767,-0.42975994908897913,94.26493834046,-0.01609224917452059,0.009290812715794426,-34.61828973941583,150.000137995489
2400000000.0,-0.018476780695614748,0.008677880633650934,-33.80179587488837,154.842240864057,0.023604084263436517,0.950434011414463,-0.4388827995728895,88.5773484042725,0.02360408426343483,0.950434011414463,-0.43888279957289056,88.5773484042726,-0.018424557557093484,0.010831009773000482,-33.40297584461119,149.550549781798
2450000000.0,-0.020793755578741583,0.01064813411210692,-32.62995885882311,152.883774132861,0.11758672389037204,0.9424158050537411,-0.44805890944907734,82.8878692783366,0.11758672389037038,0.9424158050537413,-0.44805890944907734,82.8878692783367,-0.020519445600441655,0.012827278346677923,-32.324087826458786,147.989346606403
2500000000.0,-0.022797949286943796,0.013045033468781187,-31.612016492197657,150.221721305083,0.2102423091437822,0.9251263353728494,-0.45728265960057407,77.1965393409521,0.21024230914378078,0.9251263353728507,-0.45728265960056497,77.1965393409522,-0.022293213324799988,0.015235815631735091,-31.372025146148545,145.650188751353
2550000000.0,-0.024413900672841098,0.015810475086099195,-30.726246736545875,147.072851647606,0.30065765325254284,0.8987478363119235,-0.4665465674545223,71.5033921898397,0.30065765325254284,0.8987478363119235,-0.4665465674545223,71.5033921898397,-0.023670077067248323,0.017997366516624643,-30.53460418197219,142.75272759841104
2600000000.0,-0.025576861864340543,0.018872710943688982,-29.955259700776907,143.577044457394,0.3879427425429989,0.8635525234371699,-0.47584141544805847,65.80845440009661,0.38794274254299926,0.8635525234371708,-0.47584141544804937,65.80845440009661,-0.024585088204761234,0.021038620856769493,-29.80032525118211,139.444834155542
2650000000.0,-0.026235353119448118,0.02214830834073159,-29.28544651539486,139.828403050111,0.4712396488713257,0.819899694899058,-0.48515644364810867,60.11174337277599,0.4712396488713257,0.819899694899058,-0.48515644364810867,60.11174337277599,-0.02498680894273415,0.02427418154683556,-29.15932838023189,135.82880376181
2700000000.0,-0.026353357226346484,0.025544609285008357,-28.706238601335883,135.892792077386,0.5497310602243728,0.7682319342234875,-0.49447960577736566,54.4132653584795,0.5497310602243728,0.7682319342234875,-0.49447960577736566,54.4132653584795,-0.024839628182176013,0.027609060813835882,-28.60351538852028,131.977434891149
2750000000.0,-0.025912050639771433,0.028962621035462193,-28.209460411185955,131.818111462812,0.622648334509397,0.7090704728823453,-0.503797885249477,48.7130137417538,0.622648334509397,0.7090704728823453,-0.503797885249477,48.7130137417538,-0.02412560850295313,0.030941636689472328,-28.126400918961526,127.94401967103701
2800000000.0,-0.02491098271803599,0.03230024692007651,-27.78882432842607,127.640557696114,0.6892789924731921,0.6430097818929729,-0.5130976650775383,43.0109676696842,0.6892789924731915,0.6430097818929722,-0.5130976650775465,43.0109676696842,-0.022845769279579677,0.03416697799702026,-27.72290246189394,123.768689570298
2850000000.0,-0.023368633738703678,0.035455747610379354,-27.439553591481477,123.388595607117,0.7489735782990233,0.5707114704566584,-0.5223651428151045,37.307091101763,0.7489735782990226,0.5707114704566578,-0.5223651428151137,37.307091101763,-0.02102073031485413,0.037180425910884066,-27.389144133437174,119.48255378377401
2900000000.0,-0.021322305816512236,0.03833130875420657,-27.15810743220367,119.085587993675,0.8011518300416106,0.49289757553015906,-0.531586779147577,31.6013323479222,0.8011518300416106,0.49289757553015906,-0.531586779147577,31.6013323479222,-0.01869066415958788,0.039881304501807345,-27.12229751853929,115.11047982787899
2950000000.0,-0.018827327112283417,0.040836582133762754,-26.94198512005194,114.751625616954,0.8453081159119161,0.41034332909711513,-0.5407497664984657,25.893624147795897,0.8453081159119161,0.41034332909711513,-0.5407497664984657,25.893624147795897,-0.015914532193207223,0.042176622615417755,-26.920464118493655,110.673028158084
3000000000.0,-0.015955577326321194,0.04289206478601441,-26.78959102132496,110.404883306211,0.8810161057312439,0.32386948985332087,-0.5498425021649727,20.183884327208496,0.8810161057312429,0.32386948985332054,-0.549842502164983,20.1838843272085,-0.012768608095376242,0.043984625480178584,-26.782598036402888,106.187858449631
3050000000.0,-0.012793369918183016,0.044432183815053254,-26.700147919309842,106.062710321764,0.9079326589005341,0.2343343233472766,-0.5588550491528521,14.4720170481105,0.9079326589005332,0.23433432334727636,-0.5588550491528604,14.4720170481105,-0.009344321030403878,0.04523805670039122,-26.70846673973157,101.670813377687
3100000000.0,-0.009438752416477882,0.045407963557677386,-26.673650003306108,101.742600742965,0.9258009203479445,0.14262530983443777,-0.5677795671263662,8.757914646391532,0.9258009203479446,0.14262530983443727,-0.5677795671263651,8.757914646391502,-0.005745478284103888,0.045886999453987755,-26.698649058870675,97.1368225794818
3150000000.0,-0.005998309445675319,0.04578916563580612,-26.71085014089709,97.4631608275824,0.9344526236654198,0.04965065288464589,-0.5766106957893362,3.04146002893713,0.9344526236654198,0.04965065288464589,-0.5766106957893362,3.04146002893713,-0.0020849520420414417,0.04590117915185497,-26.75457195794192,92.6007370564606
3200000000.0,-0.002583572874501223,0.04556581034738059,-26.813278433410062,93.2451852809811,0.933809605774004,-0.04366934508361042,-0.5853458736093319,-2.67747042215398,0.933809605774004,-0.04366934508361042,-0.5853458736093319,-2.67747042215398,0.0015190634301173336,0.04527162767872643,-26.8785908468481,88.0781941073817
3250000000.0,0.0006928407264306086,0.04474900884562205,-26.983290634588457,89.1129707904642,0.9238845399603324,-0.136410980843935,-0.593985576105897,-8.399003513249673,0.9238845399603324,-0.136410980843935,-0.593985576105897,-8.399003513249673,0.004947100352336012,0.04401163068480766,-27.07412254911389,83.5866231015063
3300000000.0,0.003721233567790019,0.04337105871258042,-27.224145492175435,85.096036621088,0.9047808942451748,-0.2276558681480654,-0.602533459938395,-14.123265567355602,0.9047808942451748,-0.2276558681480654,-0.602533459938395,-14.123265567355602,0.008082634604725523,0.04215690330829891,-27.345846122981946,79.146537451269
3350000000.0,0.006398831992955579,0.041484780049352764,-27.540108502000614,81.2314989344165,0.8766921202614687,-0.316499625367906,-0.6109964017144089,-19.850378532584,0.8766921202614687,-0.316499625367906,-0.6109964017144089,-19.850378532584,0.010816325507487578,0.03976496535646934,-27.699995614657777,74.7833312728202
3400000000.0,0.008633651449920456,0.03916209444760319,-27.93657355450204,77.5674779197658,0.8399000748246253,-0.4020604847576429,-0.6193844237371046,-25.580456002694,0.8399000748246253,-0.4020604847576429,-0.6193844237371046,-25.580456002694,0.013050127747118076,0.036913713670945376,-28.144782171801776,70.5299395306985
3450000000.0,0.010348079701498486,0.03649187469363117,-28.42017780886515,74.1681399962972,0.794772673021333,-0.48348777413047966,-0.627710502732594,-31.3135992933832,0.794772673021333,-0.48348777413047966,-0.627710502732594,-31.3135992933832,0.014701124903383322,0.0336992166004627,-28.691003212521885,66.4309896245254
3500000000.0,0.011482041754666545,0.03357711840642579,-28.998845353183633,71.1213480959645,0.7417607688654704,-0.559970218082398,-0.6359902618353728,-37.0498937250951,0.7417607688654704,-0.559970218082398,-0.6359902618353728,-37.0498937250951,0.01570493831621377,0.03023278273960384,-29.352926477008133,62.549604221556
3550000000.0,0.011995618911700688,0.030531523661780118,-29.68159956431739,68.5504888170833,0.6813942583243087,-0.6307439997634665,-0.6442415506251555,-42.7894052647522,0.6813942583243087,-0.6307439997634665,-0.6442415506251555,-42.7894052647522,0.016018573771560903,0.026637382916097515,-30.14957745852837,58.9791128923011
3600000000.0,0.011871007487888217,0.027475568564959578,-30.477755192357282,66.6329108035617,0.6142774006840273,-0.69510051611296,-0.6524839226429218,-48.53217767454001,0.6142774006840273,-0.69510051611296,-0.6524839226429218,-48.53217767454001,0.015622581844378087,0.023043530297208566,-31.10659435736418,55.8643163946077
3650000000.0,0.011113720311650544,0.024532219099801824,-31.394556458766868,65.6282623500476,0.5410833585169059,-0.7523937502279652,-0.6607380243913616,-54.2782303053981,0.5410833585169045,-0.7523937502279662,-0.6607380243913625,-54.2782303053982,0.01452242590889314,0.01958474775510055,-32.258750258306975,53.4424319771736
3700000000.0,0.009752956283540722,0.021822409576573013,-32.43107105698873,65.9189911270716,0.4625479644061323,-0.8020471751393339,-0.669024914151536,-60.02755665614059,0.4625479644061323,-0.8020471751393339,-0.669024914151536,-60.02755665614059,0.012748974943852735,0.016392773387794057,-33.65261444328865,52.1271068779487
3750000000.0,0.007841090010954531,0.019460456567200156,-33.56357793001873,68.054298725418,0.3794627342377154,-0.8435600948873367,-0.6773653328256755,-65.7801237963565,0.3794627342377154,-0.8435600948873367,-0.6773653328256755,-65.7801237963565,0.01035806627693605,0.013592673221850718,-35.34542339867769,52.6914012299387
3800000000.0,0.005452264546454766,0.01754957911373016,-34.714497575865956,72.7411406187246,0.2926671620840299,-0.8765133226410254,-0.6857789522438097,-71.5358727229252,0.2926671620840299,-0.8765133226410254,-0.6857789522438097,-71.5358727229252,0.007429115977713078,0.011298043336731447,-37.37934612894198,56.67277008047041
3850000000.0,0.0026801048214740307,0.01617770390611316,-35.70407476869315,80.5934390900086,0.20304034990501968,-0.9005740928538968,-0.694283628763217,-77.2947196869026,0.20304034990501968,-0.9005740928538968,-0.694283628763217,-77.2947196869026,0.004062790961140269,0.009606490591125425,-39.63407303189149,67.0754553794638
3900000000.0,-0.0003653937080514911,0.01541373281080881,-36.239403589355945,91.3579836409435,0.11149204554581923,-0.9155001060878354,-0.7028946913748247,-83.0565584908086,0.11149204554581923,-0.9155001060878354,-0.7028946913748247,-83.0565584908086,0.00037779576727503246,0.008595580525487723,-41.30611409675335,87.483336889895
3950000000.0,-0.003561709067300536,0.01530444062185441,-36.074583757103426,103.100902667558,0.018953183571859093,-0.9211426118782897,-0.7116242937773009,-88.8212637173035,0.018953183571859093,-0.9211426118782897,-0.7116242937773009,-88.8212637173035,-0.0034931332747027075,0.008319431859121427,-40.892959646832246,112.776386637455
4000000000.0,-0.006778241027717825,0.015872152687445816,-35.25973551898921,113.125021824856,-0.07363395610644818,-0.9174484471907687,-0.7204808588967093,-94.5886948105054,-0.07363395610644818,-0.9174484471907687,-0.7204808588967093,-94.5886948105054,-0.007407895322043566,0.0088061187487832,-38.780311973267125,130.071263933229
4050000000.0,-0.009881202651170826,0.017113325239634405,-34.08374439152004,120.002058280715,-0.16532583866724196,-0.9044609655227303,-0.7294686420813988,-100.358700892493,-0.16532583866724196,-0.9044609655227303,-0.7294686420813988,-100.358700892493,-0.011220187726122629,0.010056014700373884,-36.43943448142118,138.131938254412
4099999999.9999995,-0.012738767532471945,0.018998116635051913,-32.81328418201913,123.84295615866502,-0.25518786624810813,-0.8823198139559428,-0.7385874357133776,-106.131126161705,-0.25518786624810813,-0.8823198139559428,-0.7385874357133776,-106.131126161705,-0.014784969367475125,0.012041176513363332,-34.39393742417002,140.839935667412
4150000000.0000005,-0.015226266640493464,0.021470996831869753,-31.593652286882083,125.34255370465398,-0.3423045142292536,-0.8512595414297635,-0.7478324333362708,-111.905815688766,-0.3423045142292536,-0.8512595414297635,-0.7478324333362708,-111.905815688766,-0.017964009231874706,0.01470582440709841,-32.68437906328933,140.695314786773
4200000000.0,-0.01723121983304956,0.024452397441859522,-30.482571940054903,125.171750847693,-0.4257892515719706,-0.8116070497652366,-0.757194265759647,-117.682621400423,-0.4257892515719702,-0.8116070497652357,-0.7571942657596564,-117.682621400423,-0.020631294192077647,0.017967927694827465,-31.258100951463796,138.947182411613
4250000000.0,-0.018657988919418254,0.027841358210750216,-29.49519019080566,123.82816232504298,-0.5047940881624128,-0.7637779278256709,-0.766659215166961,-123.46140802516702,-0.5047940881624122,-0.7637779278256701,-0.7666592151669706,-123.46140802516702,-0.02267807028457807,0.021721856673845137,-30.060640984879576,136.233752845142
4300000000.0,-0.01943185168812564,0.03151908059235423,-28.629469281804177,121.65427806329299,-0.5785186021071053,-0.7082717368185261,-0.7762096062903007,-129.242058765888,-0.5785186021071053,-0.7082717368185261,-0.7762096062903007,-129.242058765888,-0.024017303301275023,0.02584201365410641,-29.049560617710814,132.904071490782
4350000000.0,-0.019502318897963274,0.03535325789809922,-27.87760899741121,118.88294515808802,-0.6462183161162915,-0.6456663393248431,-0.7858243665082818,-135.024480466179,-0.6462183161162915,-0.6456663393248431,-0.7858243665082818,-135.024480466179,-0.024587366640494674,0.030187312063322303,-28.193545422693596,129.162588812102
4400000000.0,-0.01884554739523032,0.03920301666675282,-27.23071712601458,115.67437398930001,-0.7072123134821773,-0.5766113845808182,-0.7954797395872619,-140.808608048039,-0.7072123134821773,-0.5766113845808182,-0.7954797395872619,-140.808608048039,-0.024354795697319895,0.0346063348237012,-27.469639528548836,125.136617666288
4450000000.0,-0.0174657402550413,0.04292427717275294,-26.680575949775296,112.141237992097,-0.760890009256028,-0.501821076579001,-0.8051501310310962,-146.59440801938004,-0.760890009256028,-0.501821076579001,-0.8051501310310962,-146.59440801938004,-0.02331598663339455,0.0389429736172452,-26.860926352111882,120.90985421648402
4500000000.0,-0.015395466814997733,0.0463753234305443,-26.22021873621197,108.364897155437,-0.8067170192826151,-0.42206635892116096,-0.8148090569297566,-152.381880879393,-0.8067170192826151,-0.42206635892116096,-0.8148090569297566,-152.381880879393,-0.021497760797103548,0.04304233046563475,-26.3548728968239,116.54012191294498
4550000000.0,-0.012694879286861388,0.0494223649778087,-25.844040329387653,104.405843283203,-0.8442400968309753,-0.33816665080917246,-0.8244301630701013,-158.171062287308,-0.8442400968309753,-0.33816665080917246,-0.8244301630701013,-158.171062287308,-0.018956761907206368,0.04675665272685461,-25.942194947449224,112.069333122365
4600000000.0,-0.009449846095639354,0.05194487379547424,-25.547742951723347,100.310530439662,-0.8730911317489294,-0.25098126244395125,-0.8339882771181757,-163.962022904114,-0.8730911317489294,-0.25098126244395125,-0.8339882771181757,-163.962022904114,-0.015777699050396592,0.049951071948563346,-25.6160871131722,107.529402794774
4650000000.0,-0.005769063376314875,0.053840489107629244,-25.328241311497095,96.1159660089065,-0.8929902286264472,-0.1614006063023965,-0.8434604540809323,-169.754866865638,-0.8929902286264472,-0.1614006063023965,-0.8434604540809323,-169.754866865638,-0.012070492597421809,0.052508925268800376,-25.371703146873408,102.945965713446
4700000000.0,-0.0017802437964626375,0.05502929936060444,-25.183577485464692,91.8529200951663,-0.9037478969774089,-0.07033730463065226,-0.8528269741250096,-175.549728897287,-0.9037478969774089,-0.07033730463065226,-0.8528269741250096,-175.549728897287,-0.00796642078766669,0.054336454118806395,-25.205810313898496,98.3408713633701
4750000000.0,0.0023744848156928796,0.055457333177004194,-25.11286597192932,87.5482969425407,-0.9052663969917717,0.02128272526966511,-0.8620722522420396,178.653229866185,-0.9052663969917717,0.02128272526966511,-0.8620722522420396,178.653229866185,-0.0036134009208732857,0.0553666976185069,-25.116569101777824,93.7340033697063
4800000000.0,0.00654381015853706,0.05509911837343683,-25.116277902654545,83.2270301153212,-0.8975402885590337,0.11252914587229366,-0.8711856212135825,172.853827240314,-0.8975402885590337,0.11252914587229366,-0.8711856212135825,172.853827240314,0.0008294298019457249,0.05556242606131101,-25.103408309997015,89.1447584119618
4850000000.0,0.01057291131452957,0.053959199279313814,-25.195070285037215,78.9137659702856,-0.8806562291790396,0.2024759905545563,-0.880161952809807,167.051866364781,-0.8806562291790386,0.2024759905545561,-0.8801619528098176,167.051866364781,0.005197643061158677,0.054917992229410226,-25.166978529870686,84.5934189559521
4900000000.0,0.014309377623848462,0.052072536899112794,-25.35166702068095,74.6345618828409,-0.8547920587774117,0.29021034243497246,-0.8890020870687171,161.247142881238,-0.8547920587774117,0.29021034243497246,-0.8890020870687171,161.247142881238,0.009327747023314004,0.05346001415572849,-25.309176534904307,80.1026200193354
4950000000.0,0.017609155846996075,0.049503753422313314,-25.589801598165632,70.4188381432092,-0.8202151975565121,0.37484088298353035,-0.8977130457217737,155.439452665974,-0.8202151975565121,0.37484088298353035,-0.8977130457217737,155.439452665974,0.013063487710803217,0.051246841745298734,-25.533240703558256,75.6991270235426
5000000000.0,0.02034230409862762,0.04634522179375171,-25.914736103048156,66.3018926850546,-0.7772803684768305,0.45550629740693266,-0.9063080131894516,149.628599837137,-0.7772803684768305,0.45550629740693266,-0.9063080131894516,149.628599837137,0.016261990982378308,0.048366800882934054,-25.843924143037015,71.4162139194873
5050000000.0,0.022398330587295782,0.0427140420384027,-26.33357690671462,62.32844396184851,-0.7264266407032142,0.5313835224196607,-0.9148060768606304,143.814404734311,-0.7264266407032142,0.5313835224196607,-0.9148060768606304,143.814404734311,0.018799510564788048,0.044935251743486476,-26.247757582545713,67.2970835350993
5100000000.0,0.02369090182872033,0.03874798808649861,-26.85571214239478,58.5579734438214,-0.6681737764257834,0.6016958142599076,-0.9232317273485144,137.996711556711,-0.6681737764257834,0.6016958142599076,-0.9232317273485144,137.996711556711,0.020576553563437596,0.04109054224599225,-26.753416169479088,63.400063793982
5150000000.0,0.024161719511949255,0.0346005508988508,-27.493392963571193,55.0732307134425,-0.6031178529048092,0.6657206012806917,-0.931614128799326,132.175395346104,-0.6031178529048092,0.6657206012806917,-0.931614128799326,132.175395346104,0.021522169033428143,0.03698898187491077,-27.372195077480058,59.8068647058575
5200000000.0,0.023783388266158903,0.03043524423444815,-28.262446690104426,51.9944250438377,-0.5319261262143556,0.7227970673224066,-0.9399861787978658,126.35036801261501,-0.5319261262143556,0.7227970673224066,-0.9399861787978658,126.35036801261501,0.02159720818588474,0.03279900392412741,-28.118553418784792,56.6362365470674
5250000000.0,0.02256112854077041,0.026419376480913054,-29.182970567949518,49.5039510686166,-0.4553311044108398,0.7723333910745395,-0.9483833866125191,120.52158312599802,-0.4553311044108398,0.7723333910745395,-0.9483833866125191,120.52158312599802,0.020796397004444387,0.02869472365988501,-29.010527913462816,54.067414252738
5300000000.0,0.02053322946061751,0.02271752329860104,-30.279363725777454,47.8911538255274,-0.3741238066371759,0.8138135449000038,-0.9568426070685897,114.68903923185802,-0.3741238066371763,0.8138135449000048,-0.9568426070685799,114.68903923185802,0.019149103296324,0.02484913365590845,-30.06930936349891,52.3816313225947
5350000000.0,0.017770184917522934,0.019484958993562815,-31.577383981065672,47.6353413967188,-0.28914620123349066,0.8468035365304325,-0.9654006748389664,108.852781500957,-0.28914620123349066,0.8468035365304325,-0.9654006748389664,108.852781500957,0.016718729643212964,0.02142720316987183,-31.315666150205615,52.036607916239994
5400000000.0,0.014372510571284048,0.016861317254417585,-33.09030784703626,49.55587642707021,-0.2012828397647295,0.8709569611092568,-0.9740929899996549,103.012901579003,-0.2012828397647295,0.8709569611092568,-0.9740929899996549,103.012901579003,0.01360071968786157,0.01857916354037888,-32.75589033478689,53.794322212431
5450000000.0,0.01046729734254885,0.014964752327625007,-34.76893580086858,55.0286171199939,-0.11145173373582626,0.8860197215600648,-0.982952109945088,97.169535572382,-0.11145173373582626,0.8860197215600648,-0.982952109945088,97.169535572382,0.009919225234022125,0.01643426421756924,-34.33590711797144,58.8860881503405
5500000000.0,0.006203615250056191,0.013886858759989216,-36.357686271652916,65.9284619655794,-0.02059455468089344,0.8918337740847032,-0.9920064048772295,91.322860179715,-0.02059455468089344,0.8918337740847032,-0.9920064048772295,91.322860179715,0.005822542622405897,0.015095272918839326,-35.82081342962186,68.9073954740456
5550000000.0,0.0017469365781791364,0.013688581353009498,-37.20266806311139,82.7272268602105,0.07033372625888136,0.8883397640169913,-1.001278833826733,85.4730870568927,0.07033372625888136,0.8883397640169913,-1.001278833826733,85.4730870568927,0.001477485219440224,0.014633968175118132,-36.64871230401934,84.2347984741308
5600000000.0,-0.002727204158442968,0.014397307857854546,-36.681272667355394,100.726143944675,0.1603756091290219,0.8755784357335265,-1.0107858954011735,79.6204555809461,0.16037560912902174,0.8755784357335255,-1.0107858954011832,79.6204555809461,-0.002937089031722141,0.015087833922595509,-36.2659284425566,101.015774833248
5650000000.0,-0.007040057326482212,0.01600528713206194,-35.146596377157984,113.7426889971,0.24858206659197576,0.8536907283947837,-1.0205368021655983,73.7652242519716,0.2485820665919755,0.8536907283947828,-1.020536802165608,73.7652242519716,-0.007237333574819938,0.016458115594271787,-34.90463392814721,113.737134655027
5700000000.0,-0.011016729881349415,0.018469457786449858,-33.348983967024694,120.815386161198,0.3340235739260566,0.8229165055570574,-1.0305329198732112,67.9076610386191,0.33402357392605553,0.8229165055570589,-1.0305329198732014,67.9076610386192,-0.011241761212763436,0.018709338109816107,-33.22013180538689,121.000127656248
5750000000.0,-0.014493186696031377,0.02171271016686131,-31.665378083133113,123.72302365280099,0.41580095279803414,0.7835919088982018,-1.0407675029445398,62.0480330277393,0.41580095279803414,0.7835919088982018,-1.0407675029445398,62.0480330277393,-0.014778576736978391,0.02177032166789709,-31.59672273666161,124.17025050484001
5800000000.0,-0.01732288839943628,0.025626541471021405,-30.191778845788086,124.05769032853802,0.4930558124703839,0.7361453714981829,-1.051225746042195,56.186595779589105,0.4930558124703839,0.7361453714981829,-1.051225746042195,56.186595779589105,-0.017692686031226992,0.025536665069931776,-30.15404104194606,124.71555802755202
5850000000.0,-0.019382788288701575,0.030075003402011302,-28.927227499548707,122.80103807127901,0.564980382362831,0.6810923709597084,-1.061885158816063,50.32358281403229,0.564980382362831,0.6810923709597084,-1.061885158816063,50.32358281403229,-0.019852087335539247,0.0298746021752631,-28.905573890670524,123.604588933556
5900000000.0,-0.020578438933840416,0.034899787071456204,-27.84767768064958,120.525458549323,0.6308265515061251,0.6190290437117466,-1.0727162574970843,44.4591956589304,0.6308265515061251,0.6190290437117466,-1.0727162574970843,44.4591956589304,-0.021153377627117245,0.03462607835985451,-27.834565477450013,121.421127133493
5950000000.0,-0.020847997437778695,0.039926243286691795,-26.92772772961674,117.571887046504,0.689913961917758,0.5506248159406792,-1.0836835536247218,38.59359487880289,0.689913961917758,0.5506248159406792,-1.0836835536247218,38.59359487880289,-0.021526145694318016,0.03961484324328112,-26.919244152792817,118.51903147474201
6000000000.0,-0.02016496450282487,0.04497009951436056,-26.145839919641062,114.151858630203,0.7416370418941487,0.4766142311578561,-1.094746807443612,32.7268924703375,0.7416370418941487,0.4766142311578561,-1.094746807443612,32.7268924703375,-0.020936070919719413,0.044653315396710525,-26.13993994638357,115.119915018747
6050000000.0,-0.018539543961402564,0.04984460857826097,-25.48489928959905,110.402524712098,0.7854709085721421,0.3977881677059433,-1.1058625019847628,26.8591459628571,0.7854709085721421,0.3977881677059433,-1.1058625019847628,26.8591459628571,-0.019386600347214396,0.04954994537014058,-25.480543995186167,111.368106543407
6100000000.0,-0.016018563882532845,0.05436784874909978,-24.931626272816256,106.416714626731,0.8209761134084465,0.3149846408148001,-1.1169854840715912,20.9903544986908,0.8209761134084465,0.3149846408148001,-1.1169854840715912,20.9903544986908,-0.016919133670476143,0.05411678557337533,-24.9283475151538,107.361391737743
6150000000.0,-0.012683955690655,0.05836989007949948,-24.47584064258079,102.259945737649,0.8478022459664158,0.22907937350181473,-1.1280707108691725,15.120457093446202,0.8478022459664158,0.22907937350181473,-1.1280707108691725,15.120457093446202,-0.013611704000324378,0.058176969136324586,-24.473514646033415,103.168648224673
6200000000.0,-0.008649842197368836,0.06169954711862379,-24.10983191944522,97.9804534236519,0.8656904473883121,0.14097630005544087,-1.139075035414471,9.24933319279045,0.8656904473883121,0.14097630005544087,-1.139075035414471,9.24933319279045,-0.009576199660403963,0.06157180431133028,-24.108560208180677,98.8403276242722
6250000000.0,-0.004058337618407494,0.06423045289157864,-23.827876843934686,93.6153711351043,0.8744749125570422,0.05159813729528381,-1.1499589619908532,3.37680555398667,0.8744749125570422,0.051598137295283196,-1.1499589619908532,3.3768055539866304,-0.004954227193583387,0.06416720552769697,-23.827925652874388,94.4149388231019
6300000000.0,0.0009257887058239978,0.0658662126354177,-23.625888256864837,89.194726844744,0.8740834774085311,-0.03812287484060609,-1.1606883022913865,-2.4973546093350105,0.8740834774085311,-0.03812287484060609,-1.1606883022913865,-2.4973546093350105,8.82331171086443e-05,0.0658592060833479,-23.627662383165095,89.9232395514661
6350000000.0,0.006121389210276784,0.06654442766203586,-23.501170435976213,84.7441811187709,0.8645373942797672,-0.1272539973169705,-1.1712356659964183,-8.373420368622849,0.8645373942797672,-0.1272539973169705,-1.1712356659964183,-8.373420368622849,0.005367181792172928,0.06657832989860611,-23.505209860222237,85.3910935174063
6400000000.0,0.011337921885228596,0.06623941926550754,-23.45225954905741,80.2870490571998,0.845950393686919,-0.2148707485689409,-1.1815817245374647,-14.2516999405289,0.845950393686919,-0.2148707485689409,-1.1815817245374647,-14.2516999405289,0.010687727384332503,0.06629264001317102,-23.459253861360956,80.8415564704247
6450000000.0,0.01638287633035754,0.06496352907811893,-23.478834108308728,75.8459497335169,0.8185271165879285,-0.30006539095135915,-1.1917161942298629,-20.132525973622197,0.8185271165879274,-0.3000653909513619,-1.1917161942298642,-20.132525973622396,0.015851716413930746,0.0650093287674282,-23.48965400641579,76.2965473651764
6500000000.0,0.02106935520941186,0.0627669247153159,-23.58168629260601,71.4443296818199,0.7825609788952002,-0.38195516653095773,-1.2016384943877605,-26.016243635104097,0.782560978895201,-0.3819551665309582,-1.2016384943877505,-26.0162436351041,0.020665572070354344,0.06277476788198694,-23.597434852681346,71.7783575436143
6550000000.0,0.02522351196130773,0.05973589656124281,-23.762750151444763,67.1080734819158,0.7384315023395627,-0.45969031452573594,-1.2113580472062955,-31.903197924464504,0.7384315023395619,-0.4596903145257371,-1.2113580472062966,-31.903197924464592,0.02494803371636989,0.059672994640185016,-23.784840337856238,67.3112130582152
6600000000.0,0.028691544595073604,0.055989691301770644,-24.025186949847676,62.8674313631148,0.6866011157883883,-0.5324619050524927,-1.2208941988001474,-37.7937206807839,0.6866011157883876,-0.532461905052492,-1.2208941988001574,-37.7937206807839,0.028537486363808148,0.055822671394088676,-24.055457057882702,62.92311957170371
6650000000.0,0.03134595650742124,0.05167598802355821,-24.373530945872854,58.7595654594835,0.6276114020710394,-0.5995095154115527,-1.230275754486932,-43.6881177747775,0.6276114020710372,-0.5995095154115548,-1.2302757544869332,-43.6881177747777,0.031298578531847185,0.051372617528072914,-24.414417969913913,58.6482911661356
6700000000.0,0.03309081887006162,0.046965180714301426,-24.813899346740243,54.832166383982,0.562078740541373,-0.660128756560374,-1.239540135822003,-49.5866569843703,0.5620787405413726,-0.6601287565603757,-1.239540135821992,-49.5866569843704,0.03312784876759011,0.04649607330784681,-24.86870440477723,54.5306210725374
6750000000.0,0.03386580490500196,0.042043683980045765,-25.354263881349898,51.1488723004099,0.49068927803168366,-0.7136786302743275,-1.2487321816083596,-55.4895570424127,0.4906892780316831,-0.7136786302743268,-1.2487321816083694,-55.4895570424127,0.03395811550658029,0.04138391093513478,-25.427568959752417,50.6289567586287
6800000000.0,0.033648813200015046,0.037106523943186115,-26.00475668824442,47.7977359684504,0.4141931530406493,-0.7595886641852647,-1.2579026296441311,-61.396978316329296,0.4141931530406493,-0.7595886641852647,-1.2579026296441311,-61.396978316329296,0.03376143105849153,0.03623705676875292,-26.10309797438049,47.0255267493773
6850000000.0,0.03245705326984984,0.03234951110007807,-26.777908026524187,44.9049215638625,0.3333979017223253,-0.7973657355572116,-1.2671063297999914,-67.3090155316917,0.3333979017223253,-0.7973657355572116,-1.2671063297999914,-67.3090155316917,0.03255045674443609,0.031258427378289017,-26.910896723234643,43.840009254377705
6900000000.0,0.03034652937488236,0.02796131442817526,-27.688498890518392,42.6574919169722,0.24916099032745992,-0.8266004589352552,-1.276400251557179,-73.2256928852599,0.24916099032745992,-0.8266004589352552,-1.276400251557179,-73.2256928852599,0.030378180314495677,0.026644708589828342,-27.87073834743954,41.2540078454537
6950000000.0,0.027409925276365977,0.024115764961298858,-28.752108634344964,41.34192263712849,0.1623814469131077,-0.8469729815442067,-1.2858413597658014,-79.1469618090759,0.16238144691310621,-0.8469729815442071,-1.2858413597658014,-79.146961809076,0.027335965912920476,0.022578319295740047,-29.006524452511155,39.5552256171702
7000000000.0,0.023772960060907677,0.020964711889373128,-29.97975366402055,41.4081739325367,0.0739906039216197,-0.858258007265234,-1.2954844404914132,-85.0727015478775,0.07399060392161809,-0.8582580072652332,-1.2954844404914234,-85.0727015478776,0.02354999786478444,0.019219899607514912,-30.34324766716845,39.218974288882805
7050000000.0,0.01958935038573745,0.018631735223719362,-31.361514228868387,43.56477570093911,-0.015057989977059788,-0.8603288584534905,-1.305379963822043,-91.0027226006152,-0.015057989977061316,-0.8603288584534905,-1.3053799638220418,-91.0027226006153,0.01917624915101991,0.01670164579965272,-31.893149329874518,41.05439135691591
7100000000.0,0.01503457470862695,0.01720698707944385,-32.82230634688148,48.8547204777382,-0.10379937920682564,-0.8531603872042803,-1.3155720719311315,-96.9367729575631,-0.10379937920682564,-0.8531603872042803,-1.3155720719311315,-96.9367729575631,0.014394170447487522,0.015121783047838682,-33.60652521736627,46.4121410451581
7150000000.0,0.010298687866663853,0.01674339002584314,-34.12958295065005,58.404752648803,-0.19126857098456154,-0.8368305651850344,-1.326096778193855,-102.874546942657,-0.19126857098456154,-0.8368305651850344,-1.326096778193855,-102.874546942657,0.009399353141957108,0.014540422484519026,-35.23209332233794,57.1201941733489
7200000000.0,0.0055784777507033294,0.017254367429705066,-34.830251212217576,72.083556710659,-0.2765122580600762,-0.8115206136747826,-1.3369804565951813,-108.815696352317,-0.2765122580600762,-0.8115206136747826,-1.3369804565951813,-108.815696352317,0.0043954673197212565,0.014976993374440393,-36.13268408562292,73.6440231624699
7250000000.0,0.0010692881412080854,0.018713219148225407,-34.5428730085585,86.729630082196,-0.3586006498359519,-0.7775135813361702,-1.348238690149473,-114.759843473463,-0.3586006498359515,-0.7775135813361692,-1.3482386901494845,-114.759843473463,-0.00041418872784882663,0.01640937642718025,-35.695392405590326,91.4458945635822
7300000000.0,-0.003043148337996236,0.02105418834315487,-33.443434127033406,98.2245081149199,-0.4366391430409433,-0.7351913333988808,-1.3598755329209196,-120.706595470995,-0.4366391430409433,-0.7351913333988808,-1.3598755329209196,-120.706595470995,-0.0048351689858685655,0.018774792865102544,-34.24960364582076,104.441853500847
7350000000.0,-0.006590516881081299,0.02417519377549304,-32.02126873268485,105.249123247747,-0.5097795549504105,-0.6850299780838063,-1.371883223104919,-126.65555956428,-0.5097795549504105,-0.6850299780838063,-1.371883223104919,-126.65555956428,-0.008690024613489838,0.02197242852790228,-32.53129149221314,111.578637257593
7400000000.0,-0.009429024733429782,0.02794212913974581,-30.606459663119793,108.646880822798,-0.5772306513107304,-0.6275938191983413,-1.384242365327054,-132.606358367765,-0.5772306513107304,-0.6275938191983413,-1.384242365327054,-132.606358367765,-0.011825756237863218,0.025867695908493017,-30.920588855007733,114.568131001349
7450000000.0,-0.011445484389358076,0.03219455960172102,-29.327472841544207,109.570803074525,-0.6382677273114892,-0.5635279825942483,-1.3969225798350693,-138.558644755606,-0.6382677273114883,-0.5635279825942475,-1.3969225798350806,-138.558644755606,-0.014120241192767339,0.030297962700827758,-29.518116392001343,114.987679639472
7500000000.0,-0.01256209602078769,0.03675257892834819,-28.214378972239103,108.870518232715,-0.6922410411587095,-0.49354991364166895,-1.409883595693373,-144.512115625424,-0.6922410411587095,-0.49354991364166895,-1.409883595693373,-144.512115625424,-0.015487343639514166,0.0350795065535652,-28.325557655002655,113.82110506295
7550000000.0,-0.012739703235276718,0.0414245320452586,-27.262369158138142,107.094760120479,-0.738582952548127,-0.41843997895931756,-1.4230767455325926,-150.466523981201,-0.738582952548127,-0.41843997895931756,-1.4230767455325926,-150.466523981201,-0.015880470830129664,0.040015395796441686,-27.32025860914968,111.646099583473
7600000000.0,-0.01197936359465527,0.04601526134377386,-26.457168350085688,104.592170754067,-0.7768136780290681,-0.3390314256002826,-1.4364468018831418,-156.421688827257,-0.7768136780290681,-0.3390314256002826,-1.4364468018831418,-156.421688827257,-0.0152944072656056,0.044903948496108646,-26.4776276729054,108.808982765138
7650000000.0,-0.01032215351117645,0.05033450427838975,-25.783781137698362,101.589037081666,-0.806545636702394,-0.25619995357666,-1.449934080501674,-162.377502460182,-0.806545636702394,-0.25619995357666,-1.449934080501674,-162.377502460182,-0.013765337398340387,0.049547390625749914,-25.77668182178947,105.526444150272
7700000000.0,-0.007847212269537879,0.054205057859912815,-25.229124712935782,98.23742427828441,-0.82748641769199,-0.17085314355815276,-1.4634767250419476,-168.333934857956,-0.827486417691985,-0.1708531435581667,-1.463476725041968,-168.333934857955,-0.011369053027354338,0.053760321126303655,-25.20075394664774,101.940787717447
7750000000.0,-0.004668116976831934,0.05747033456760269,-24.78256592848831,94.6437436217551,-0.8394404506678533,-0.0839199529109395,-1.4770130803502526,-174.291034989444,-0.8394404506678533,-0.0839199529109395,-1.4770130803502526,-174.291034989444,-0.008217428929016241,0.05737759893185712,-24.73697561988502,98.1502890088484
7800000000.0,-0.0009277634598958633,0.06000096441562983,-24.435797157419785,90.8858640084579,-0.8423094986474242,0.0036595466422055054,-1.4904840587505739,179.751071003482,-0.8423094986474242,0.0036595466422055054,-1.4904840587505739,179.751071003482,-0.004453334244130371,0.06026129500095056,-24.375577328781475,94.2264985979753
7850000000.0,0.0032079983913804078,0.06170014798209538,-24.182551400600353,87.0236795932227,-0.8360921159221516,0.09094406327917512,-1.503835404871082,173.792184670714,-0.8360921159221496,0.0909440632791749,-1.503835404871103,173.792184670714,-0.0002442222642833799,0.062306399800073055,-24.109280125459236,90.2245809963286
7900000000.0,0.007557667923139092,0.06250753179619771,-24.018324056393325,83.1059394938985,-0.8208822222616706,0.17700053384631675,-1.5170197695946523,167.83204296314304,-0.8208822222616726,0.17700053384631717,-1.5170197695946306,167.83204296314304,0.004225297461203325,0.0634450406211789,-23.932826899354644,86.18985588999571
7950000000.0,0.011931989437772936,0.06240145558941805,-23.940150523224574,79.17495196799221,-0.7968669380051925,0.2609130963681371,-1.529998512195261,161.870328473009,-0.7968669380051944,0.2609130963681377,-1.5299985121952404,161.870328473009,0.008761557278570331,0.06364903920180573,-23.842639855131146,82.1622528579999
8000000000.0,0.01614207608375231,0.0613995044757504,-23.94644762860778,75.2701295617876,-0.7643238050448058,0.34179159557181993,-1.5427431611465512,155.906681795669,-0.7643238050448048,0.34179159557181954,-1.5427431611465614,155.906681795669,0.01317022909100474,0.06293072293068616,-23.83657806842823,78.1796609098208
8050000000.000001,0.020007400924432362,0.05955738174909302,-24.036913042970028,71.4310049964894,-0.7236174889029783,0.4187796607616652,-1.5552364779057286,149.940715524183,-0.7236174889029783,0.4187796607616652,-1.5552364779057286,149.940715524183,0.017264648135168238,0.06134198661515234,-23.913769138284295,74.2807902950668
8100000000.0,0.023363316635525853,0.056966193822978385,-24.21247154630261,67.70019125521,-0.6751960207471314,0.4910624131173677,-1.567473083617989,143.97202932857,-0.6751960207471355,0.49106241311737064,-1.5674730836179367,143.97202932857,0.020873706168289676,0.058971680793404375,-24.07449005972746,70.507995828751
8150000000.0,0.026067803053737196,0.053748303336759465,-24.47525195334847,64.1267218418007,-0.6195865993494407,0.5578738637333933,-1.5794596255892521,138.00022553259,-0.6195865993494407,0.5578738637333933,-1.5794596255892521,138.00022553259,0.023848990381084918,0.05594147228452792,-24.32006944273858,66.9104597940531
8199999999.999999,0.028007189992010843,0.050051956895566824,-24.82856764395961,60.7702669174061,-0.5573909358774045,0.6185040545047666,-1.5912144779850692,132.024924583282,-0.5573909358773917,0.6185040545047741,-1.5912144779851007,132.024924583281,0.02607088957950354,0.0524003799427596,-24.652771563085814,63.54816443733729
8250000000.0,0.029100656200761455,0.0460449296267425,-25.2768483438363,57.7068817124676,-0.4892800929575882,0.6723059725155994,-1.6027669890061422,126.04577981240801,-0.4892800929575748,0.6723059725156055,-1.6027669890061735,126.04577981240702,0.027453442038477632,0.048518232016053014,-25.075594703336304,60.49718478109631
8300000000.000001,0.029303359539393038,0.04190745094612133,-25.825413731792896,55.0372208621011,-0.41598874714791373,0.7187022371852054,-1.6141563042253424,120.062490914453,-0.41598874714791323,0.7187022371852047,-1.6141563042253526,120.062490914453,0.027947755615641678,0.044478321398630276,-25.59185636183681,57.856982193007596
8350000000.0,0.02860810507082017,0.03782468726967388,-26.47985317443119,52.898536533995305,-0.33830879346138043,0.757191521256579,-1.6254298123192852,114.074815612463,-0.3383087934613698,0.7571915212565903,-1.6254298123192221,114.074815612462,0.0275438868187519,0.04046955308062634,-26.204315502855806,55.7604978846658
8400000000.0,0.027045505365860204,0.033979061203283145,-27.244500308951185,51.4820967096152,-0.25708221358818517,0.7873546256293623,-1.6366412745289238,108.082579049894,-0.25708221358818606,0.7873546256293652,-1.636641274528892,108.082579049894,0.026271119486688258,0.03667838671122289,-26.913340628551996,54.387635889317
8449999999.999999,0.024682631069767588,0.030542686162495104,-28.118908551533938,51.057089652108004,-0.17319314648027098,0.8088600882869241,-1.647848712285791,102.085680532469,-0.17319314648025655,0.808860088286925,-1.6478487122858143,102.085680532468,0.024196635012367688,0.03328087899026181,-27.713189159286543,53.9812309504445
8500000000.0,0.021620191522172583,0.027670192609909508,-29.090114791688293,51.9975985140685,-0.08755913024200633,0.8214691734500654,-1.6591121379523655,96.0840973464913,-0.08755913024200296,0.8214691734500598,-1.6591121379524285,96.0840973464911,0.02142261539281593,0.030435127571540172,-28.584795409492493,54.859130161924796
8550000000.000001,0.017988327606392608,0.025492217735950312,-30.116938925220925,54.7916773557447,-0.0011215257904222604,0.8250400625962556,-1.6704912210287146,90.077885496401,-0.0011215257904195097,0.8250400625962537,-1.6704912210287342,90.0778854964008,0.018081869503228792,0.028274411093033018,-29.483087742149433,57.400533243109
8600000000.0,0.013941144712364245,0.024109823101892375,-31.103403141355095,59.9619940088213,0.08516481769619437,0.8195310574177698,-1.6820429859624562,84.0671773303607,0.0851648176961981,0.8195310574177613,-1.6820429859625416,84.0671773303604,0.014332123696585248,0.02690130810682595,-30.31942145352028,61.952790841990904
8650000000.0,0.009650164409484917,0.02359009132926536,-31.873418950559525,67.7516577404069,0.17034254208758123,0.8050026084020045,-1.6938196375040393,78.0521761537591,0.170342542087588,0.8050026084020082,-1.6938196375039862,78.0521761537587,0.010349171300092266,0.026383058798403886,-30.951919062294706,68.5816217111874
8700000000.0,0.005296928887354071,0.02396312890894658,-32.20195066583682,77.5354861931561,0.25346323838085266,0.7816180024092908,-1.7058666051478495,72.0331480608167,0.2534632383808543,0.7816180024092871,-1.7058666051478812,72.03314806081652,0.006319131505609149,0.026748404074408906,-31.21818107700728,76.7079592752176
8750000000.0,0.001065049595867822,0.025220662921539395,-31.957132128607814,87.58187912959832,0.33359917088041086,0.7496425777741419,-1.7182208895773674,66.010411337955,0.3335991708804109,0.7496425777741528,-1.7182208895772617,66.0104113379553,0.0024301241402967205,0.027986093151994067,-31.028531447102104,85.0372678344213
8800000000.0,-0.002867954764536998,0.027316361300488156,-31.2239327776904,95.9935469674814,0.4098550186080613,0.7094413838842928,-1.7309097813960739,59.9843239027642,0.4098550186080621,0.7094413838842853,-1.7309097813961374,59.9843239027639,-0.0011362818256245924,0.030045190265660035,-30.438293622732402,92.1658421811525
8850000000.0,-0.006338643455825344,0.03016792811273133,-30.221473655722562,101.86592460216,0.48137936314126567,0.6614752602999667,-1.7439500062588384,53.95526933326699,0.4813793631412598,0.6614752602999661,-1.7439500062588809,53.9552693332673,-0.004213448054097971,0.03283723255060252,-29.601747902107412,97.3118473718446
8900000000.0,-0.009205052542354108,0.03366092967911962,-29.144271759964,105.294400497461,0.547375646920226,0.6062953735773434,-1.7573473314914176,47.9236421083961,0.547375646920226,0.6062953735773434,-1.7573473314914176,47.9236421083961,-0.006657455677573117,0.03624019658778401,-28.67204638037284,100.40938300270801
8950000000.0,-0.011353103744889487,0.03765420081805178,-28.105849844189006,106.778564255093,0.6071123385782036,0.5445363127411529,-1.7710966483383523,41.889832718065804,0.6071123385782036,0.5445363127411529,-1.7710966483383523,41.889832718065804,-0.008353888813196849,0.04010412606496338,-27.751748164009207,101.766731473496
9000000000.0,-0.01270165885780418,0.04198657335723301,-27.157487785421317,106.831466657999,0.6599320711837412,0.4769079014520177,-1.785182522113773,35.8542133075355,0.6599320711837412,0.4769079014520177,-1.785182522113773,35.8542133075355,-0.009223234303252613,0.04425816642615198,-26.8955026955813,101.77174179572
9050000000.0,-0.01320592820776311,0.04648457384409335,-26.316736592751266,105.859461347379,0.70525956290628,0.4041859315039298,-1.799580180893021,29.8171244951502,0.70525956290628,0.4041859315039298,-1.799580180893021,29.8171244951502,-0.00922458757092392,0.04851865545730885,-26.127609670818792,100.764854520332
9100000000.0,-0.012859043446196474,0.05097066660929769,-25.5856192763377,104.159300333596,0.7426081835867385,0.32720205461320223,-1.8142568930481011,23.7788639462559,0.7426081835867385,0.32720205461320223,-1.8142568930481011,23.7788639462559,-0.008357451772773316,0.05269784319742154,-25.456263112365352,99.0115960433078
9150000000.0,-0.011691725610171977,0.05527158192732409,-24.95985526915891,101.943840033347,0.7715850901025434,0.24683308524350547,-1.8291736659119828,17.7396772020735,0.771585090102553,0.2468330852435115,-1.8291736659118651,17.7396772020737,-0.006661535417655535,0.056612770362104735,-24.881992534046265,96.7110441784297
9200000000.0,-0.009770105170255172,0.0592262720600398,-24.43310876987634,99.3672852113378,0.7918949129378308,0.16398996587347905,-1.8442871829965022,11.699751154842,0.7918949129378353,0.16398996587348144,-1.8442871829964482,11.6997511548421,-0.004214580267655873,0.0600938277709791,-24.40209343124262,94.0117748794932
9250000000.0,-0.007191866922677868,0.0626930794110909,-23.998829132568197,96.5441070667744,0.8033420308460519,0.07960662879527268,-1.8595518861257354,5.65921043507813,0.8033420308460519,0.07960662879527268,-1.8595518861257354,5.65921043507813,-0.0011283728127428896,0.06299255091943481,-24.01282279592988,91.0262179488798
9300000000.0,-0.004080986108202057,0.06555577373321149,-23.65098324501811,93.5621871289376,0.8058315154785,-0.005371042085483533,-1.8749221019867612,-0.38188316068056394,0.805831515478509,-0.005371042085476589,-1.8749221019866644,-0.381883160680066,0.002456804165492995,0.06518826897348072,-23.710446801903835,87.8416680987765
9350000000.0,-0.000581384477333985,0.06772820757916931,-23.384288351662413,90.4918195810219,0.7993688600479442,-0.08999598601937549,-1.8903541101434362,-6.42352821676591,0.7993688600479495,-0.08999598601937298,-1.8903541101433823,-6.42352821676569,0.006378948316286047,0.06659331639993019,-23.491719493008667,84.5283537394833
9400000000.0,0.0031501364252457223,0.06915743714084555,-23.19422068208543,87.391967418463,0.7840586236378357,-0.17333035816212947,-1.9058080514695444,-12.4657783785479,0.7840586236378357,-0.17333035816212947,-1.9058080514695444,-12.4657783785479,0.010461968936151833,0.06715661557595042,-23.35408430943854,81.14537062083622
9450000000.0,0.006951329117362488,0.06982524631864441,-23.07692010607218,84.3147523189999,0.7601021253417259,-0.2544554664743166,-1.9212495820851083,-18.5087344628588,0.7601021253417259,-0.2544554664743166,-1.9212495820851083,-18.5087344628588,0.014523788739618343,0.06686553710897779,-23.295741105160467,77.745206871375
9500000000.0,0.01066196873812853,0.06974808591544532,-23.029038380816576,81.3088201312101,0.7277943112314406,-0.33248121899027855,-1.9366511878967294,-24.552534424062,0.7277943112314406,-0.33248121899027855,-1.9366511878967294,-24.552534424062,0.018384547981242772,0.06574603054165923,-23.315644930237784,74.3774254152297
9550000000.0,0.014131057265341444,0.06897549329825627,-23.047543202698478,78.4219837834858,0.6875198947444755,-0.4065550790378981,-1.951993088414863,-30.5973417157302,0.6875198947444744,-0.4065550790379039,-1.951993088414841,-30.5973417157306,0.021874574640548403,0.06386108521463829,-23.4134620635683,71.0919391660026
9600000000.0,0.017223496683964078,0.06758709283674216,-23.129471547856703,75.703372963581,0.6397488410541541,-0.47587054571459375,-1.9672636751818517,-36.6433326851831,0.6397488410541541,-0.47587054571459375,-1.9672636751818517,-36.6433326851831,0.024841821575284136,0.06130762830212125,-23.589483533626616,67.9422324086557
9650000000.0,0.019825987455387224,0.06568830140287404,-23.271614500236883,73.2051800769653,0.5850312326402659,-0.5396751833114303,-1.9824594495018153,-42.6906837152524,0.5850312326402659,-0.5396751833114303,-1.9824594495018153,-42.6906837152524,0.027158504562187238,0.0582119987366001,-23.844474973958487,64.9888411527788
9700000000.0,0.021851919644027655,0.06340488706695985,-23.470108582573218,70.9839522873016,0.5239915212361546,-0.5972782161269357,-1.9975844457135619,-48.739558882017,0.5239915212361546,-0.5972782161269357,-1.9975844457135619,-48.739558882017,0.02872669834952534,0.05472416031157556,-24.17941534880837,62.30338831215631
9750000000.0,0.023245027071759475,0.060876564032010104,-23.71990621936139,69.1012093026096,0.45732214511907154,-0.6480576853569456,-2.0126491495012413,-54.7900989263934,0.45732214511907154,-0.6480576853569456,-2.0126491495012413,-54.7900989263934,0.029482661141403042,0.05101084496806706,-24.595036464744197,59.97344094371049
9800000000.0,0.023981580630348217,0.058249860597687234,-24.014105547578236,67.622939875857,0.38577647436720275,-0.6914671349887582,-2.027668945146229,-60.842412339255205,0.38577647436719703,-0.6914671349887535,-2.0276689451463055,-60.8424123392554,0.02939966735142487,0.047247857322826596,-25.09100801102296,58.10833349969829
9850000000.0,0.024070920728089862,0.05567057028471291,-24.343148809837384,66.6172409024437,0.3101610433845827,-0.7270417575733208,-2.04266215053756,-66.8965693322041,0.3101610433845791,-0.7270417575733159,-2.0426621505376246,-66.8965693322042,0.028489145342367926,0.04361182879038794,-25.664504863892994,56.845682043798
9900000000.0,0.023554186611574997,0.053276180336938886,-24.69396800636316,66.1490700945536,0.23132704162168832,-0.7544038930429341,-2.0576477234408976,-72.9525994077122,0.23132704162168832,-0.7544038930429341,-2.0576477234408976,-72.9525994077122,0.026799955408985342,0.040271782009648746,-26.307741138148423,56.357137491015195
9950000000.0,0.02250120268254365,0.05118874799811652,-25.049287815953623,66.2709953315446,0.15016106041115965,-0.7732677395977019,-2.0726427461636354,-79.010493152456,0.15016106041115965,-0.7732677395977019,-2.0726427461636354,-79.010493152456,0.024415716553625327,0.037380942905183866,-27.00392015202803,56.8490585806725
10000000000.0,0.02100562870733458,0.04950873790746474,-25.3874891948741,67.0093984696719,0.06757513492260656,-0.7834431104273518,-2.0876598173832015,-85.0702087565433,0.06757513492260656,-0.7834431104273518,-2.0876598173832015,-85.0702087565433,0.02145020574878843,0.035069299798824206,-27.72121746210808,58.547877752469404
